<?xml version="1.0" encoding="UTF-8"?>

<Bundle xmlns="http://hl7.org/fhir">
  <id value="bdee98dd-6ba1-4552-8eca-f2644451cb54"/>
  <meta>
    <lastUpdated value="2025-10-01T13:04:39.040-03:00"/>
  </meta>
  <type value="collection"/>
  <entry>
    <fullUrl value="https://interoperabilidad.minsal.cl/fhir/ig/tei-aps-secundario/ValueSet/VSPrevision"/>
    <resource>
      <ValueSet>
        <text>
          <status value="generated"/>
          <div xmlns="http://www.w3.org/1999/xhtml">
            <p class="res-header-id"/>
            <p style="border: black 1px dotted; background-color: #EEEEEE; padding: 8px; margin-bottom: 8px">Expansion performed internally based on 
              <a href="CodeSystem-CSPrevision.html">codesystem CS Prevision v0.1.0 (CodeSystem)</a>
            </p>
            <p>This value set contains 7 concepts</p>
            <table class="codes">
              <tr>
                <td style="white-space:nowrap">
                  <b>Code</b>
                </td>
                <td>
                  <b>System</b>
                </td>
                <td>
                  <b>Display</b>
                </td>
              </tr>
              <tr>
                <td style="white-space:nowrap">
                  <a name="x-https://interoperabilidad.minsal.cl/fhir/ig/tei-aps-secundario/CodeSystem/CSPrevision-01"> </a>  
                  <a href="CodeSystem-CSPrevision.html#CSPrevision-01">01</a>
                </td>
                <td>https://interoperabilidad.minsal.cl/fhir/ig/tei-aps-secundario/CodeSystem/CSPrevision</td>
                <td>FONASA</td>
              </tr>
              <tr>
                <td style="white-space:nowrap">
                  <a name="x-https://interoperabilidad.minsal.cl/fhir/ig/tei-aps-secundario/CodeSystem/CSPrevision-02"> </a>  
                  <a href="CodeSystem-CSPrevision.html#CSPrevision-02">02</a>
                </td>
                <td>https://interoperabilidad.minsal.cl/fhir/ig/tei-aps-secundario/CodeSystem/CSPrevision</td>
                <td>ISAPRE</td>
              </tr>
              <tr>
                <td style="white-space:nowrap">
                  <a name="x-https://interoperabilidad.minsal.cl/fhir/ig/tei-aps-secundario/CodeSystem/CSPrevision-03"> </a>  
                  <a href="CodeSystem-CSPrevision.html#CSPrevision-03">03</a>
                </td>
                <td>https://interoperabilidad.minsal.cl/fhir/ig/tei-aps-secundario/CodeSystem/CSPrevision</td>
                <td>CAPREDENA</td>
              </tr>
              <tr>
                <td style="white-space:nowrap">
                  <a name="x-https://interoperabilidad.minsal.cl/fhir/ig/tei-aps-secundario/CodeSystem/CSPrevision-04"> </a>  
                  <a href="CodeSystem-CSPrevision.html#CSPrevision-04">04</a>
                </td>
                <td>https://interoperabilidad.minsal.cl/fhir/ig/tei-aps-secundario/CodeSystem/CSPrevision</td>
                <td>DIPRECA</td>
              </tr>
              <tr>
                <td style="white-space:nowrap">
                  <a name="x-https://interoperabilidad.minsal.cl/fhir/ig/tei-aps-secundario/CodeSystem/CSPrevision-05"> </a>  
                  <a href="CodeSystem-CSPrevision.html#CSPrevision-05">05</a>
                </td>
                <td>https://interoperabilidad.minsal.cl/fhir/ig/tei-aps-secundario/CodeSystem/CSPrevision</td>
                <td>SISA</td>
              </tr>
              <tr>
                <td style="white-space:nowrap">
                  <a name="x-https://interoperabilidad.minsal.cl/fhir/ig/tei-aps-secundario/CodeSystem/CSPrevision-96"> </a>  
                  <a href="CodeSystem-CSPrevision.html#CSPrevision-96">96</a>
                </td>
                <td>https://interoperabilidad.minsal.cl/fhir/ig/tei-aps-secundario/CodeSystem/CSPrevision</td>
                <td>NINGUNA</td>
              </tr>
              <tr>
                <td style="white-space:nowrap">
                  <a name="x-https://interoperabilidad.minsal.cl/fhir/ig/tei-aps-secundario/CodeSystem/CSPrevision-99"> </a>  
                  <a href="CodeSystem-CSPrevision.html#CSPrevision-99">99</a>
                </td>
                <td>https://interoperabilidad.minsal.cl/fhir/ig/tei-aps-secundario/CodeSystem/CSPrevision</td>
                <td>DESCONOCIDO</td>
              </tr>
            </table>
          </div>
        </text>
        <url value="https://interoperabilidad.minsal.cl/fhir/ig/tei-aps-secundario/ValueSet/VSPrevision"/>
        <version value="0.1.0"/>
        <name value="VSPrevision"/>
        <title value="VS Prevision"/>
        <status value="active"/>
        <experimental value="false"/>
        <date value="2025-10-01T13:03:17-03:00"/>
        <expansion>
          <identifier value="urn:uuid:b9189426-0a82-41eb-a306-8bfdbb2487a8"/>
          <timestamp value="2025-10-01T13:05:29-03:00"/>
          <total value="7"/>
          <offset value="0"/>
          <parameter>
            <name value="count"/>
            <valueInteger value="1000"/>
          </parameter>
          <parameter>
            <name value="offset"/>
            <valueInteger value="0"/>
          </parameter>
          <parameter>
            <name value="excludeNested"/>
            <valueBoolean value="false"/>
          </parameter>
          <parameter>
            <name value="used-codesystem"/>
            <valueUri value="https://interoperabilidad.minsal.cl/fhir/ig/tei-aps-secundario/CodeSystem/CSPrevision|0.1.0"/>
          </parameter>
          <contains>
            <system value="https://interoperabilidad.minsal.cl/fhir/ig/tei-aps-secundario/CodeSystem/CSPrevision"/>
            <code value="01"/>
            <display value="FONASA"/>
          </contains>
          <contains>
            <system value="https://interoperabilidad.minsal.cl/fhir/ig/tei-aps-secundario/CodeSystem/CSPrevision"/>
            <code value="02"/>
            <display value="ISAPRE"/>
          </contains>
          <contains>
            <system value="https://interoperabilidad.minsal.cl/fhir/ig/tei-aps-secundario/CodeSystem/CSPrevision"/>
            <code value="03"/>
            <display value="CAPREDENA"/>
          </contains>
          <contains>
            <system value="https://interoperabilidad.minsal.cl/fhir/ig/tei-aps-secundario/CodeSystem/CSPrevision"/>
            <code value="04"/>
            <display value="DIPRECA"/>
          </contains>
          <contains>
            <system value="https://interoperabilidad.minsal.cl/fhir/ig/tei-aps-secundario/CodeSystem/CSPrevision"/>
            <code value="05"/>
            <display value="SISA"/>
          </contains>
          <contains>
            <system value="https://interoperabilidad.minsal.cl/fhir/ig/tei-aps-secundario/CodeSystem/CSPrevision"/>
            <code value="96"/>
            <display value="NINGUNA"/>
          </contains>
          <contains>
            <system value="https://interoperabilidad.minsal.cl/fhir/ig/tei-aps-secundario/CodeSystem/CSPrevision"/>
            <code value="99"/>
            <display value="DESCONOCIDO"/>
          </contains>
        </expansion>
      </ValueSet>
    </resource>
  </entry>
  <entry>
    <fullUrl value="https://interoperabilidad.minsal.cl/fhir/ig/tei-aps-secundario/ValueSet/VSTipoEventoTEI"/>
    <resource>
      <ValueSet>
        <text>
          <status value="generated"/>
          <div xmlns="http://www.w3.org/1999/xhtml">
            <p class="res-header-id"/>
            <p style="border: black 1px dotted; background-color: #EEEEEE; padding: 8px; margin-bottom: 8px">Expansion performed internally based on 
              <a href="CodeSystem-CSTipoEventoTEI.html">codesystem Tipo de Evento v0.1.0 (CodeSystem)</a>
            </p>
            <p>This value set contains 1 concepts</p>
            <table class="codes">
              <tr>
                <td style="white-space:nowrap">
                  <b>Code</b>
                </td>
                <td>
                  <b>System</b>
                </td>
                <td>
                  <b>Display</b>
                </td>
              </tr>
              <tr>
                <td style="white-space:nowrap">
                  <a name="x-https://interoperabilidad.minsal.cl/fhir/ig/tei-aps-secundario/CodeSystem/CSTipoEventoTEI-resumir-aps"> </a>  
                  <a href="CodeSystem-CSTipoEventoTEI.html#CSTipoEventoTEI-resumir-aps">resumir-aps</a>
                </td>
                <td>https://interoperabilidad.minsal.cl/fhir/ig/tei-aps-secundario/CodeSystem/CSTipoEventoTEI</td>
                <td>Resumir eventos APS</td>
              </tr>
            </table>
          </div>
        </text>
        <url value="https://interoperabilidad.minsal.cl/fhir/ig/tei-aps-secundario/ValueSet/VSTipoEventoTEI"/>
        <version value="0.1.0"/>
        <name value="VSTipoEventoTEI"/>
        <title value="Tipo de Evento"/>
        <status value="draft"/>
        <experimental value="false"/>
        <date value="2025-10-01T13:03:17-03:00"/>
        <expansion>
          <identifier value="urn:uuid:5d586a57-f21d-4e4c-ae89-694d1ba2388c"/>
          <timestamp value="2025-10-01T13:05:29-03:00"/>
          <total value="1"/>
          <offset value="0"/>
          <parameter>
            <name value="count"/>
            <valueInteger value="1000"/>
          </parameter>
          <parameter>
            <name value="offset"/>
            <valueInteger value="0"/>
          </parameter>
          <parameter>
            <name value="excludeNested"/>
            <valueBoolean value="false"/>
          </parameter>
          <parameter>
            <name value="used-codesystem"/>
            <valueUri value="https://interoperabilidad.minsal.cl/fhir/ig/tei-aps-secundario/CodeSystem/CSTipoEventoTEI|0.1.0"/>
          </parameter>
          <contains>
            <system value="https://interoperabilidad.minsal.cl/fhir/ig/tei-aps-secundario/CodeSystem/CSTipoEventoTEI"/>
            <code value="resumir-aps"/>
            <display value="Resumir eventos APS"/>
          </contains>
        </expansion>
      </ValueSet>
    </resource>
  </entry>
</Bundle>