<?xml version="1.0" encoding="UTF-8"?>

<Bundle xmlns="http://hl7.org/fhir">
  <id value="BundleRevisarEjemplo"/>
  <meta>
    <profile value="https://interoperabilidad.minsal.cl/fhir/ig/tei/StructureDefinition/BundleRevisarLE"/>
  </meta>
  <type value="message"/>
  <timestamp value="2024-01-19T16:00:00-03:00"/>
  <entry>
    <fullUrl value="http://interoperabilidad.minsal.cl/fhir/ig/tei/MessageHeader/MesssageHeaderRevisar"/>
    <resource>
      <MessageHeader>
        <id value="MesssageHeaderRevisar"/>
        <meta>
          <lastUpdated value="2024-01-19T16:00:00-03:00"/>
          <profile value="https://interoperabilidad.minsal.cl/fhir/ig/tei/StructureDefinition/MessageHeaderLE"/>
        </meta>
        <text>
          <status value="generated"/><div xmlns="http://www.w3.org/1999/xhtml"><a name="MessageHeader_MesssageHeaderRevisar"> </a><p class="res-header-id"><b>Generated Narrative: MessageHeader MesssageHeaderRevisar</b></p><a name="MesssageHeaderRevisar"> </a><a name="hcMesssageHeaderRevisar"> </a><div style="display: inline-block; background-color: #d9e0e7; padding: 6px; margin: 4px; border: 1px solid #8da1b4; border-radius: 5px; line-height: 60%"><p style="margin-bottom: 0px">Last updated: 2024-01-19 16:00:00-0300</p><p style="margin-bottom: 0px">Profile: <a href="https://interoperabilidad.minsal.cl/fhir/ig/tei/0.2.1/StructureDefinition-MessageHeaderLE.html">MessageHeader LE</a></p></div><p><b>event</b>: <a href="https://interoperabilidad.minsal.cl/fhir/ig/tei/0.2.1/CodeSystem-CSTipoEventoLE.html#CSTipoEventoLE-revisar">Tipo de Evento revisar</a>: Revisar</p><p><b>author</b>: <a href="Bundle-BundleRevisarEjemplo.html#PractitionerRole_PractitionerRoleRevisor">Bundle: type = message; timestamp = 2024-01-19 16:00:00-0300</a></p><h3>Sources</h3><table class="grid"><tr><td style="display: none">-</td><td><b>Software</b></td><td><b>Endpoint</b></td></tr><tr><td style="display: none">*</td><td>SISMaule</td><td>llp:10.11.12.13:5432</td></tr></table><p><b>focus</b>: <a href="Bundle-BundleRevisarEjemplo.html#ServiceRequest_SolicitudInterconsultaEjemplo3">Bundle: type = message; timestamp = 2024-01-19 16:00:00-0300</a></p></div>
        </text>
        <eventCoding>
          <system value="https://interoperabilidad.minsal.cl/fhir/ig/tei/CodeSystem/CSTipoEventoLE"/>
          <code value="revisar"/>
          <display value="Revisar"/>
        </eventCoding>
        <author>
          <reference value="PractitionerRole/PractitionerRoleRevisor"/>
        </author>
        <source>
          <software value="SISMaule"/>
          <endpoint value="llp:10.11.12.13:5432"/>
        </source>
        <focus>
          <reference value="ServiceRequest/SolicitudInterconsultaEjemplo3"/>
        </focus>
      </MessageHeader>
    </resource>
  </entry>
  <entry>
    <fullUrl value="http://interoperabilidad.minsal.cl/fhir/ig/tei/ServiceRequest/SolicitudInterconsultaEjemplo3"/>
    <resource>
      <ServiceRequest>
        <id value="SolicitudInterconsultaEjemplo3"/>
        <meta>
          <versionId value="3.0"/>
          <profile value="https://interoperabilidad.minsal.cl/fhir/ig/tei/StructureDefinition/ServiceRequestLE"/>
        </meta>
        <text>
          <status value="extensions"/><div xmlns="http://www.w3.org/1999/xhtml"><a name="ServiceRequest_SolicitudInterconsultaEjemplo3"> </a><p class="res-header-id"><b>Generated Narrative: ServiceRequest SolicitudInterconsultaEjemplo3</b></p><a name="SolicitudInterconsultaEjemplo3"> </a><a name="hcSolicitudInterconsultaEjemplo3"> </a><div style="display: inline-block; background-color: #d9e0e7; padding: 6px; margin: 4px; border: 1px solid #8da1b4; border-radius: 5px; line-height: 60%"><p style="margin-bottom: 0px">version: 3.0</p><p style="margin-bottom: 0px">Profile: <a href="https://interoperabilidad.minsal.cl/fhir/ig/tei/0.2.1/StructureDefinition-ServiceRequestLE.html">ServiceRequest LE</a></p></div><p><b>ExtBool Requiere Examen</b>: true</p><p><b>ExtBool Resolutividad APS</b>: true</p><p><b>Origen Interconsulta</b>: <span title="Codes:{https://interoperabilidad.minsal.cl/fhir/ig/tei/CodeSystem/CSorigenInterconsulta 1}">APS</span></p><p><b>Estado Interconsulta Codigo</b>: <span title="Codes:{https://interoperabilidad.minsal.cl/fhir/ig/tei/CodeSystem/CSEstadoInterconsulta 3}">A la espera de priorización</span></p><p><b>Especialidad Médica Destino Código</b>: <span title="Codes:{https://interoperabilidad.minsal.cl/fhir/ig/tei/CodeSystem/CSEspecialidadMed 30}">MEDICINA INTERNA</span></p><p><b>SubEspecialidad Médica Destino Código</b>: <span title="Codes:{https://interoperabilidad.minsal.cl/fhir/ig/tei/CodeSystem/CSEspecialidadMed 14}">ENDOCRINOLOGÍA ADULTO</span></p><blockquote><p><b>Pertinencia Interconsulta</b></p><ul><li>EvaluacionPertinencia: <span title="Codes:{https://interoperabilidad.minsal.cl/fhir/ig/tei/CodeSystem/CSPertinenciaInterconsulta 3}">Pertinente Incompleta</span></li></ul></blockquote><p><b>identifier</b>: 123</p><p><b>status</b>: Draft</p><p><b>intent</b>: Order</p><p><b>category</b>: <span title="Codes:{https://interoperabilidad.minsal.cl/fhir/ig/tei/CodeSystem/CSModalidadAtencionCodigo 1}">Presencial</span></p><p><b>priority</b>: Routine</p><p><b>code</b>: <span title="Codes:{http://snomed.info/sct 103696004}">Interconsulta para atención presencial</span></p><p><b>subject</b>: <a href="Bundle-BundleEnriquecidoEjemplo.html#Patient_EjemploPatientLE">Bundle: type = message; timestamp = 2025-07-24 10:21:55-0400</a></p><p><b>encounter</b>: <a href="Bundle-BundleIniciarEjemplo.html#Encounter_EncounterIniciarEjemplo">Bundle: type = message; timestamp = 2024-01-17 16:00:00-0300</a></p><p><b>authoredOn</b>: 2024-12-10 09:00:00+0000</p><p><b>requester</b>: <a href="Bundle-BundleIniciarEjemplo.html#PractitionerRole_PractitionerRoleIniciador">Bundle: type = message; timestamp = 2024-01-17 16:00:00-0300</a></p><p><b>performer</b>: <a href="Bundle-BundleRevisarEjemplo.html#PractitionerRole_PractitionerRoleRevisor">Bundle: type = message; timestamp = 2024-01-19 16:00:00-0300</a></p><p><b>locationCode</b>: <span title="Codes:{https://interoperabilidad.minsal.cl/fhir/ig/tei/CodeSystem/CSDestinoReferenciaCodigo 1}">Nivel Secundario</span></p><p><b>reasonCode</b>: <span title="Codes:{https://interoperabilidad.minsal.cl/fhir/ig/tei/CodeSystem/CSDerivadoParaCodigo 1}">Confirmación</span></p><p><b>supportingInfo</b>: </p><ul><li><a href="Bundle-BundleIniciarEjemplo.html#Condition_ConditionInicialEjemplo">Bundle: type = message; timestamp = 2024-01-17 16:00:00-0300</a></li><li><a href="Bundle-BundleIniciarEjemplo.html#AllergyIntolerance_AllergyIntoleranceExample">Bundle: type = message; timestamp = 2024-01-17 16:00:00-0300</a></li><li><a href="Bundle-BundleIniciarEjemplo.html#Observation_IndiceConmorbilidadEjemplo">Bundle: type = message; timestamp = 2024-01-17 16:00:00-0300</a></li><li><a href="Bundle-BundleIniciarEjemplo.html#Observation_EjemploObservationCuidador">Bundle: type = message; timestamp = 2024-01-17 16:00:00-0300</a></li><li><a href="Bundle-BundleIniciarEjemplo.html#Observation_EjemploObservationDiscapacidadLE">Bundle: type = message; timestamp = 2024-01-17 16:00:00-0300</a></li><li><a href="Bundle-BundleIniciarEjemplo.html#QuestionnaireResponse_MotivoDerivacionEjemplo">Bundle: type = message; timestamp = 2024-01-17 16:00:00-0300</a></li><li><a href="Bundle-BundleRevisarEjemplo.html#ServiceRequest_EjemploSolicitudExamen">Bundle: type = message; timestamp = 2024-01-19 16:00:00-0300</a></li><li><a href="Bundle-BundleIniciarEjemplo.html#Observation_AnticuerpoAdrenal">Bundle: type = message; timestamp = 2024-01-17 16:00:00-0300</a></li></ul></div>
        </text>
        <extension url="https://interoperabilidad.minsal.cl/fhir/ig/tei/StructureDefinition/ExtensionBoolRequiereExamen">
          <valueBoolean value="true"/>
        </extension>
        <extension url="https://interoperabilidad.minsal.cl/fhir/ig/tei/StructureDefinition/ExtensionBoolResolutividadAPS">
          <valueBoolean value="true"/>
        </extension>
        <extension url="https://interoperabilidad.minsal.cl/fhir/ig/tei/StructureDefinition/ExtensionOrigenInterconsulta">
          <valueCodeableConcept>
            <coding>
              <system value="https://interoperabilidad.minsal.cl/fhir/ig/tei/CodeSystem/CSorigenInterconsulta"/>
              <code value="1"/>
              <display value="APS"/>
            </coding>
          </valueCodeableConcept>
        </extension>
        <extension url="https://interoperabilidad.minsal.cl/fhir/ig/tei/StructureDefinition/ExtensionEstadoInterconsultaCodigoLE">
          <valueCodeableConcept>
            <coding>
              <system value="https://interoperabilidad.minsal.cl/fhir/ig/tei/CodeSystem/CSEstadoInterconsulta"/>
              <code value="3"/>
              <display value="A la espera de priorización"/>
            </coding>
          </valueCodeableConcept>
        </extension>
        <extension url="https://interoperabilidad.minsal.cl/fhir/ig/tei/StructureDefinition/ExtensionEspecialidadMedicaDestinoCodigo">
          <valueCodeableConcept>
            <coding>
              <system value="https://interoperabilidad.minsal.cl/fhir/ig/tei/CodeSystem/CSEspecialidadMed"/>
              <code value="30"/>
              <display value="MEDICINA INTERNA"/>
            </coding>
          </valueCodeableConcept>
        </extension>
        <extension url="https://interoperabilidad.minsal.cl/fhir/ig/tei/StructureDefinition/ExtensionSubEspecialidadMedicaDestinoCodigo">
          <valueCodeableConcept>
            <coding>
              <system value="https://interoperabilidad.minsal.cl/fhir/ig/tei/CodeSystem/CSEspecialidadMed"/>
              <code value="14"/>
              <display value="ENDOCRINOLOGÍA ADULTO"/>
            </coding>
          </valueCodeableConcept>
        </extension>
        <extension url="https://interoperabilidad.minsal.cl/fhir/ig/tei/StructureDefinition/ExtensionPertinenciaInterconsulta">
          <extension url="EvaluacionPertinencia">
            <valueCodeableConcept>
              <coding>
                <system value="https://interoperabilidad.minsal.cl/fhir/ig/tei/CodeSystem/CSPertinenciaInterconsulta"/>
                <code value="3"/>
                <display value="Pertinente Incompleta"/>
              </coding>
            </valueCodeableConcept>
          </extension>
        </extension>
        <identifier>
          <value value="123"/>
        </identifier>
        <status value="draft"/>
        <intent value="order"/>
        <category>
          <coding>
            <system value="https://interoperabilidad.minsal.cl/fhir/ig/tei/CodeSystem/CSModalidadAtencionCodigo"/>
            <code value="1"/>
            <display value="Presencial"/>
          </coding>
        </category>
        <priority value="routine"/>
        <code>
          <coding>
            <system value="http://snomed.info/sct"/>
            <code value="103696004"/>
          </coding>
          <text value="Interconsulta para atención presencial"/>
        </code>
        <subject>
          <reference value="Patient/EjemploPatientLE"/>
        </subject>
        <encounter>
          <reference value="Encounter/EncounterIniciarEjemplo"/>
        </encounter>
        <authoredOn value="2024-12-10T09:00:00Z"/>
        <requester>
          <reference value="PractitionerRole/PractitionerRoleIniciador"/>
        </requester>
        <performer>
          <reference value="PractitionerRole/PractitionerRoleRevisor"/>
        </performer>
        <locationCode>
          <coding>
            <system value="https://interoperabilidad.minsal.cl/fhir/ig/tei/CodeSystem/CSDestinoReferenciaCodigo"/>
            <code value="1"/>
            <display value="Nivel Secundario"/>
          </coding>
        </locationCode>
        <reasonCode>
          <coding>
            <system value="https://interoperabilidad.minsal.cl/fhir/ig/tei/CodeSystem/CSDerivadoParaCodigo"/>
            <code value="1"/>
            <display value="Confirmación"/>
          </coding>
        </reasonCode>
        <supportingInfo>
          <reference value="Condition/ConditionInicialEjemplo"/>
        </supportingInfo>
        <supportingInfo>
          <reference value="AllergyIntolerance/AllergyIntoleranceExample"/>
        </supportingInfo>
        <supportingInfo>
          <reference value="Observation/IndiceConmorbilidadEjemplo"/>
        </supportingInfo>
        <supportingInfo>
          <reference value="Observation/EjemploObservationCuidador"/>
        </supportingInfo>
        <supportingInfo>
          <reference value="Observation/EjemploObservationDiscapacidadLE"/>
        </supportingInfo>
        <supportingInfo>
          <reference value="QuestionnaireResponse/MotivoDerivacionEjemplo"/>
        </supportingInfo>
        <supportingInfo>
          <reference value="ServiceRequest/EjemploSolicitudExamen"/>
        </supportingInfo>
        <supportingInfo>
          <reference value="Observation/AnticuerpoAdrenal"/>
        </supportingInfo>
      </ServiceRequest>
    </resource>
  </entry>
  <entry>
    <fullUrl value="http://interoperabilidad.minsal.cl/fhir/ig/tei/Practitioner/PractitionerProfesionalLERevisor"/>
    <resource>
      <Practitioner>
        <id value="PractitionerProfesionalLERevisor"/>
        <meta>
          <profile value="https://interoperabilidad.minsal.cl/fhir/ig/tei/StructureDefinition/PractitionerProfesionalLE"/>
        </meta>
        <text>
          <status value="generated"/><div xmlns="http://www.w3.org/1999/xhtml"><a name="Practitioner_PractitionerProfesionalLERevisor"> </a><p class="res-header-id"><b>Generated Narrative: Practitioner PractitionerProfesionalLERevisor</b></p><a name="PractitionerProfesionalLERevisor"> </a><a name="hcPractitionerProfesionalLERevisor"> </a><div style="display: inline-block; background-color: #d9e0e7; padding: 6px; margin: 4px; border: 1px solid #8da1b4; border-radius: 5px; line-height: 60%"><p style="margin-bottom: 0px"/><p style="margin-bottom: 0px">Profile: <a href="https://interoperabilidad.minsal.cl/fhir/ig/tei/0.2.1/StructureDefinition-PractitionerProfesionalLE.html">Prestador Profesional LE</a></p></div><p><b>identifier</b>: Rol Único Nacional/19949350-7 (use: official, ), Registro Nacional de Prestadores Individuales/1234543 (use: secondary, )</p><p><b>active</b>: true</p><p><b>name</b>: Gonzalo Gonzalez </p><p><b>gender</b>: Male</p><p><b>birthDate</b>: 1980-01-01</p><blockquote><p><b>qualification</b></p><p><b>identifier</b>: cert</p><p><b>code</b>: <span title="Codes:{https://interoperabilidad.minsal.cl/fhir/ig/tei/CodeSystem/CSTituloProfesional 1}">MÉDICO CIRUJANO</span></p><p><b>period</b>: 2007-11-01 --&gt; (ongoing)</p><p><b>issuer</b>: Universidad de Chile</p></blockquote><blockquote><p><b>qualification</b></p><p><b>identifier</b>: esp</p><p><b>code</b>: <span title="Codes:{https://interoperabilidad.minsal.cl/fhir/ig/tei/CodeSystem/CSEspecialidadMed 30}">MEDICINA INTERNA</span></p><p><b>period</b>: 2010-11-01 --&gt; (ongoing)</p><p><b>issuer</b>: Pontificia Universidad Católica de Chile</p></blockquote><blockquote><p><b>qualification</b></p><p><b>identifier</b>: subesp</p><p><b>code</b>: <span title="Codes:{https://interoperabilidad.minsal.cl/fhir/ig/tei/CodeSystem/CSEspecialidadMed 14}">ENDOCRINOLOGÍA ADULTO</span></p><p><b>period</b>: 2014-11-01 --&gt; (ongoing)</p><p><b>issuer</b>: Universidad de Valparaíso</p></blockquote></div>
        </text>
        <identifier>
          <use value="official"/>
          <type>
            <coding>
              <system value="https://hl7chile.cl/fhir/ig/clcore/CodeSystem/CSTipoIdentificador"/>
              <code value="01"/>
              <display value="RUN"/>
            </coding>
            <text value="Rol Único Nacional"/>
          </type>
          <value value="19949350-7"/>
          <assigner>
            <display value="Republica de Chile"/>
          </assigner>
        </identifier>
        <identifier>
          <use value="secondary"/>
          <type>
            <coding>
              <system value="https://hl7chile.cl/fhir/ig/clcore/CodeSystem/CSTipoIdentificador"/>
              <code value="13"/>
              <display value="RNPI"/>
            </coding>
            <text value="Registro Nacional de Prestadores Individuales"/>
          </type>
          <value value="1234543"/>
          <assigner>
            <display value="Intendencia de prestadores individuales - Superintendencia de Salud"/>
          </assigner>
        </identifier>
        <active value="true"/>
        <name>
          <family value="Gonzalez">
            <extension url="https://hl7chile.cl/fhir/ig/clcore/StructureDefinition/SegundoApellido">
              <valueString value="Gutierrez"/>
            </extension>
          </family>
          <given value="Gonzalo"/>
          <prefix value="Dr"/>
        </name>
        <gender value="male"/>
        <birthDate value="1980-01-01"/>
        <qualification>
          <identifier>
            <value value="cert"/>
          </identifier>
          <code>
            <coding>
              <system value="https://interoperabilidad.minsal.cl/fhir/ig/tei/CodeSystem/CSTituloProfesional"/>
              <code value="1"/>
              <display value="MÉDICO CIRUJANO"/>
            </coding>
            <text value="MÉDICO CIRUJANO"/>
          </code>
          <period>
            <start value="2007-11-01"/>
          </period>
          <issuer>
            <display value="Universidad de Chile"/>
          </issuer>
        </qualification>
        <qualification>
          <identifier>
            <value value="esp"/>
          </identifier>
          <code>
            <coding>
              <system value="https://interoperabilidad.minsal.cl/fhir/ig/tei/CodeSystem/CSEspecialidadMed"/>
              <code value="30"/>
              <display value="MEDICINA INTERNA"/>
            </coding>
            <text value="MEDICINA INTERNA"/>
          </code>
          <period>
            <start value="2010-11-01"/>
          </period>
          <issuer>
            <display value="Pontificia Universidad Católica de Chile"/>
          </issuer>
        </qualification>
        <qualification>
          <identifier>
            <value value="subesp"/>
          </identifier>
          <code>
            <coding>
              <system value="https://interoperabilidad.minsal.cl/fhir/ig/tei/CodeSystem/CSEspecialidadMed"/>
              <code value="14"/>
              <display value="ENDOCRINOLOGÍA ADULTO"/>
            </coding>
            <text value="ENDOCRINOLOGÍA ADULTO"/>
          </code>
          <period>
            <start value="2014-11-01"/>
          </period>
          <issuer>
            <display value="Universidad de Valparaíso"/>
          </issuer>
        </qualification>
      </Practitioner>
    </resource>
  </entry>
  <entry>
    <fullUrl value="http://interoperabilidad.minsal.cl/fhir/ig/tei/PractitionerRole/PractitionerRoleRevisor"/>
    <resource>
      <PractitionerRole>
        <id value="PractitionerRoleRevisor"/>
        <meta>
          <profile value="https://interoperabilidad.minsal.cl/fhir/ig/tei/StructureDefinition/PractitionerRoleLE"/>
        </meta>
        <text>
          <status value="generated"/><div xmlns="http://www.w3.org/1999/xhtml"><a name="PractitionerRole_PractitionerRoleRevisor"> </a><p class="res-header-id"><b>Generated Narrative: PractitionerRole PractitionerRoleRevisor</b></p><a name="PractitionerRoleRevisor"> </a><a name="hcPractitionerRoleRevisor"> </a><div style="display: inline-block; background-color: #d9e0e7; padding: 6px; margin: 4px; border: 1px solid #8da1b4; border-radius: 5px; line-height: 60%"><p style="margin-bottom: 0px"/><p style="margin-bottom: 0px">Profile: <a href="https://interoperabilidad.minsal.cl/fhir/ig/tei/0.2.1/StructureDefinition-PractitionerRoleLE.html">PractitionerRole LE</a></p></div><p><b>active</b>: true</p><p><b>practitioner</b>: <a href="Bundle-BundleRevisarEjemplo.html#Practitioner_PractitionerProfesionalLERevisor">Bundle: type = message; timestamp = 2024-01-19 16:00:00-0300</a></p><p><b>organization</b>: <a href="Bundle-BundleRevisarEjemplo.html#Organization_OrganizationLERevisora2">Bundle: type = message; timestamp = 2024-01-19 16:00:00-0300</a></p><p><b>code</b>: <span title="Codes:{https://interoperabilidad.minsal.cl/fhir/ig/tei/CodeSystem/CSPractitionerTipoRolLE revisor}">Revisor</span></p></div>
        </text>
        <active value="true"/>
        <practitioner>
          <reference value="Practitioner/PractitionerProfesionalLERevisor"/>
        </practitioner>
        <organization>
          <reference value="Organization/OrganizationLERevisora2"/>
        </organization>
        <code>
          <coding>
            <system value="https://interoperabilidad.minsal.cl/fhir/ig/tei/CodeSystem/CSPractitionerTipoRolLE"/>
            <code value="revisor"/>
            <display value="Revisor"/>
          </coding>
        </code>
      </PractitionerRole>
    </resource>
  </entry>
  <entry>
    <fullUrl value="http://interoperabilidad.minsal.cl/fhir/ig/tei/Organization/OrganizationLERevisora2"/>
    <resource>
      <Organization>
        <id value="OrganizationLERevisora2"/>
        <meta>
          <profile value="https://interoperabilidad.minsal.cl/fhir/ig/tei/StructureDefinition/OrganizationLE"/>
        </meta>
        <text>
          <status value="generated"/><div xmlns="http://www.w3.org/1999/xhtml"><a name="Organization_OrganizationLERevisora2"> </a><p class="res-header-id"><b>Generated Narrative: Organization OrganizationLERevisora2</b></p><a name="OrganizationLERevisora2"> </a><a name="hcOrganizationLERevisora2"> </a><div style="display: inline-block; background-color: #d9e0e7; padding: 6px; margin: 4px; border: 1px solid #8da1b4; border-radius: 5px; line-height: 60%"><p style="margin-bottom: 0px"/><p style="margin-bottom: 0px">Profile: <a href="https://interoperabilidad.minsal.cl/fhir/ig/tei/0.2.1/StructureDefinition-OrganizationLE.html">Organization LE</a></p></div><p><b>identifier</b>: <code>https://interoperabilidad.minsal.cl/fhir/ig/tei/CodeSystem/CSEstablecimientoDestino</code>/121343</p><p><b>name</b>: Centro de Referencia de Salud Miraflores</p></div>
        </text>
        <identifier>
          <system value="https://interoperabilidad.minsal.cl/fhir/ig/tei/CodeSystem/CSEstablecimientoDestino"/>
          <value value="121343"/>
        </identifier>
        <name value="Centro de Referencia de Salud Miraflores"/>
      </Organization>
    </resource>
  </entry>
  <entry>
    <fullUrl value="http://interoperabilidad.minsal.cl/fhir/ig/tei/ServiceRequest/EjemploSolicitudExamen"/>
    <resource>
      <ServiceRequest>
        <id value="EjemploSolicitudExamen"/>
        <meta>
          <profile value="https://interoperabilidad.minsal.cl/fhir/ig/tei/StructureDefinition/ServiceRequestExamenLE"/>
        </meta>
        <text>
          <status value="generated"/><div xmlns="http://www.w3.org/1999/xhtml"><a name="ServiceRequest_EjemploSolicitudExamen"> </a><p class="res-header-id"><b>Generated Narrative: ServiceRequest EjemploSolicitudExamen</b></p><a name="EjemploSolicitudExamen"> </a><a name="hcEjemploSolicitudExamen"> </a><div style="display: inline-block; background-color: #d9e0e7; padding: 6px; margin: 4px; border: 1px solid #8da1b4; border-radius: 5px; line-height: 60%"><p style="margin-bottom: 0px"/><p style="margin-bottom: 0px">Profile: <a href="https://interoperabilidad.minsal.cl/fhir/ig/tei/0.2.1/StructureDefinition-ServiceRequestExamenLE.html">Solicitud de Examen LE</a></p></div><p><b>basedOn</b>: <a href="https://interoperabilidad.minsal.cl/fhir/ig/tei/0.2.1/ServiceRequest-EjemploSolicitudInterconsultaFinalizada.html">ServiceRequest: extension = Atención Realizada (1),true,true,true,APS,Paciente es jefe de hogar y cuidador de adulto mayor.,Cerrada,MEDICINA INTERNA,ENDOCRINOLOGÍA ADULTO,; identifier = 123; status = draft; intent = order; category = Presencial; priority = routine; code = No display for ServiceRequest.code ; authoredOn = 2024-12-10 09:00:00+0000</a></p><p><b>status</b>: Draft</p><p><b>intent</b>: Order</p><p><b>code</b>: <span title="Codes:{http://loinc.org 2857-1}">Antigeno Prostático Específico en Suero o Plasma</span></p><p><b>subject</b>: <a href="Bundle-BundleEnriquecidoEjemplo.html#Patient_EjemploPatientLE">Bundle: type = message; timestamp = 2025-07-24 10:21:55-0400</a></p><p><b>occurrence</b>: 2024-01-19 16:00:00-0300</p><p><b>authoredOn</b>: 2024-01-17 16:00:00-0300</p><p><b>requester</b>: <a href="Bundle-BundleIniciarEjemplo.html#Practitioner_PractitionerProfesionalLEEjemplo1">Bundle: type = message; timestamp = 2024-01-17 16:00:00-0300</a></p><p><b>reasonCode</b>: <span title="Codes:{http://snomed.info/sct 414205003}">antecedente familiar de neoplasia maligna de próstata</span></p><p><b>note</b>: </p><blockquote><div><p>paciente con APE elevado en 2022, se solicita examen vigente previo a atención con especialidad</p>
</div></blockquote></div>
        </text>
        <basedOn>
          <reference value="ServiceRequest/EjemploSolicitudInterconsultaFinalizada"/>
        </basedOn>
        <status value="draft"/>
        <intent value="order"/>
        <code>
          <coding>
            <system value="http://loinc.org"/>
            <code value="2857-1"/>
            <display value="Prostate specific Ag [Mass/volume] in Serum or Plasma"/>
          </coding>
          <text value="Antigeno Prostático Específico en Suero o Plasma"/>
        </code>
        <subject>
          <reference value="Patient/EjemploPatientLE"/>
        </subject>
        <occurrenceDateTime value="2024-01-19T16:00:00-03:00"/>
        <authoredOn value="2024-01-17T16:00:00-03:00"/>
        <requester>
          <reference value="Practitioner/PractitionerProfesionalLEEjemplo1"/>
        </requester>
        <reasonCode>
          <coding>
            <system value="http://snomed.info/sct"/>
            <code value="414205003"/>
          </coding>
          <text value="antecedente familiar de neoplasia maligna de próstata"/>
        </reasonCode>
        <note>
          <text value="paciente con APE elevado en 2022, se solicita examen vigente previo a atención con especialidad"/>
        </note>
      </ServiceRequest>
    </resource>
  </entry>
</Bundle>