<?xml version="1.0" encoding="UTF-8"?>

<Bundle xmlns="http://hl7.org/fhir">
  <id value="bundle-collection-001"/>
  <meta>
    <profile value="https://interoperabilidad.minsal.cl/fhir/ig/tei-aps-secundario/StructureDefinition/BundleCollection"/>
  </meta>
  <type value="collection"/>
  <timestamp value="2025-09-12T16:00:00-03:00"/>
  <entry>
    <fullUrl value="Bundle/bundle-iniciar-001"/>
    <resource>
      <Bundle>
        <id value="BundleIniciarEjemplo"/>
        <meta>
          <profile value="https://interoperabilidad.minsal.cl/fhir/ig/tei/StructureDefinition/BundleIniciarLE"/>
        </meta>
        <type value="message"/>
        <timestamp value="2024-01-17T16:00:00-03:00"/>
        <entry>
          <fullUrl value="http://interoperabilidad.minsal.cl/fhir/ig/tei/MessageHeader/MesssageHeaderIniciar"/>
          <resource>
            <MessageHeader>
              <id value="MesssageHeaderIniciar"/>
              <meta>
                <lastUpdated value="2024-01-17T16:00:00-03:00"/>
                <profile value="https://interoperabilidad.minsal.cl/fhir/ig/tei/StructureDefinition/MessageHeaderLE"/>
              </meta>
              <eventCoding>
                <system value="https://interoperabilidad.minsal.cl/fhir/ig/tei/CodeSystem/CSTipoEventoLE"/>
                <code value="iniciar"/>
              </eventCoding>
              <author>
                <reference value="PractitionerRole/PractitionerRoleIniciador"/>
              </author>
              <source>
                <software value="SISMaule"/>
                <endpoint value="llp:10.11.12.13:5432"/>
              </source>
              <focus>
                <reference value="ServiceRequest/SolicitudInterconsultaEjemplo1"/>
              </focus>
            </MessageHeader>
          </resource>
        </entry>
        <entry>
          <fullUrl value="http://interoperabilidad.minsal.cl/fhir/ig/tei/ServiceRequest/SolicitudInterconsultaEjemplo1"/>
          <resource>
            <ServiceRequest>
              <id value="SolicitudInterconsultaEjemplo1"/>
              <meta>
                <profile value="https://interoperabilidad.minsal.cl/fhir/ig/tei/StructureDefinition/ServiceRequestLE"/>
              </meta>
              <extension url="https://interoperabilidad.minsal.cl/fhir/ig/tei/StructureDefinition/ExtensionBoolRequiereExamen">
                <valueBoolean value="true"/>
              </extension>
              <extension url="https://interoperabilidad.minsal.cl/fhir/ig/tei/StructureDefinition/ExtensionBoolResolutividadAPS">
                <valueBoolean value="true"/>
              </extension>
              <extension url="https://interoperabilidad.minsal.cl/fhir/ig/tei/StructureDefinition/ExtensionOrigenInterconsulta">
                <valueCodeableConcept>
                  <coding>
                    <system value="https://interoperabilidad.minsal.cl/fhir/ig/tei/CodeSystem/CSorigenInterconsulta"/>
                    <code value="1"/>
                    <display value="APS"/>
                  </coding>
                </valueCodeableConcept>
              </extension>
              <extension url="https://interoperabilidad.minsal.cl/fhir/ig/tei/StructureDefinition/ExtensionEstadoInterconsultaCodigoLE">
                <valueCodeableConcept>
                  <coding>
                    <system value="https://interoperabilidad.minsal.cl/fhir/ig/tei/CodeSystem/CSEstadoInterconsulta"/>
                    <code value="1"/>
                    <display value="A la espera de referencia"/>
                  </coding>
                </valueCodeableConcept>
              </extension>
              <extension url="https://interoperabilidad.minsal.cl/fhir/ig/tei/StructureDefinition/ExtensionEspecialidadMedicaDestinoCodigo">
                <valueCodeableConcept>
                  <coding>
                    <system value="https://interoperabilidad.minsal.cl/fhir/ig/tei/CodeSystem/CSEspecialidadMed"/>
                    <code value="30"/>
                    <display value="MEDICINA INTERNA"/>
                  </coding>
                </valueCodeableConcept>
              </extension>
              <extension url="https://interoperabilidad.minsal.cl/fhir/ig/tei/StructureDefinition/ExtensionSubEspecialidadMedicaDestinoCodigo">
                <valueCodeableConcept>
                  <coding>
                    <system value="https://interoperabilidad.minsal.cl/fhir/ig/tei/CodeSystem/CSEspecialidadMed"/>
                    <code value="14"/>
                    <display value="ENDOCRINOLOGÍA ADULTO"/>
                  </coding>
                </valueCodeableConcept>
              </extension>
              <identifier>
                <value value="123"/>
              </identifier>
              <status value="draft"/>
              <intent value="order"/>
              <category>
                <coding>
                  <system value="https://interoperabilidad.minsal.cl/fhir/ig/tei/CodeSystem/CSModalidadAtencionCodigo"/>
                  <code value="1"/>
                  <display value="Presencial"/>
                </coding>
              </category>
              <priority value="routine"/>
              <code>
                <coding>
                  <system value="http://snomed.info/sct"/>
                  <code value="103696004"/>
                </coding>
                <text value="Interconsulta para atención presencial"/>
              </code>
              <subject>
                <reference value="Patient/EjemploPatientLE"/>
              </subject>
              <encounter>
                <reference value="Encounter/EncounterIniciarEjemplo"/>
              </encounter>
              <authoredOn value="2024-12-10T09:00:00Z"/>
              <requester>
                <reference value="PractitionerRole/PractitionerRoleIniciador"/>
              </requester>
              <locationCode>
                <coding>
                  <system value="https://interoperabilidad.minsal.cl/fhir/ig/tei/CodeSystem/CSDestinoReferenciaCodigo"/>
                  <code value="1"/>
                  <display value="Nivel Secundario"/>
                </coding>
              </locationCode>
              <reasonCode>
                <coding>
                  <system value="https://interoperabilidad.minsal.cl/fhir/ig/tei/CodeSystem/CSDerivadoParaCodigo"/>
                  <code value="1"/>
                  <display value="Confirmación"/>
                </coding>
              </reasonCode>
              <supportingInfo>
                <reference value="Condition/ConditionInicialEjemplo"/>
              </supportingInfo>
              <supportingInfo>
                <reference value="AllergyIntolerance/AllergyIntoleranceExample"/>
              </supportingInfo>
              <supportingInfo>
                <reference value="Observation/IndiceConmorbilidadEjemplo"/>
              </supportingInfo>
              <supportingInfo>
                <reference value="Observation/EjemploObservationCuidador"/>
              </supportingInfo>
              <supportingInfo>
                <reference value="Observation/EjemploObservationDiscapacidadLE"/>
              </supportingInfo>
              <supportingInfo>
                <reference value="QuestionnaireResponse/MotivoDerivacionEjemplo"/>
              </supportingInfo>
              <supportingInfo>
                <reference value="ServiceRequest/SolicitudExamenEjemplo"/>
              </supportingInfo>
              <supportingInfo>
                <reference value="Observation/AnticuerpoAdrenal"/>
              </supportingInfo>
            </ServiceRequest>
          </resource>
        </entry>
        <entry>
          <fullUrl value="http://interoperabilidad.minsal.cl/fhir/ig/tei/Encounter/EncounterIniciarEjemplo"/>
          <resource>
            <Encounter>
              <id value="EncounterIniciarEjemplo"/>
              <meta>
                <profile value="https://interoperabilidad.minsal.cl/fhir/ig/tei/StructureDefinition/EncounterIniciarLE"/>
              </meta>
              <extension url="https://interoperabilidad.minsal.cl/fhir/ig/tei/StructureDefinition/ExtensionConsecuenciaAtencionCodigo">
                <valueCodeableConcept>
                  <coding>
                    <system value="https://interoperabilidad.minsal.cl/fhir/ig/tei/CodeSystem/CSConsecuenciaAtencionCodigo"/>
                    <code value="3"/>
                    <display value="Derivación"/>
                  </coding>
                </valueCodeableConcept>
              </extension>
              <identifier>
                <use value="official"/>
                <system value="http://example.org/sampleencounter-identifier"/>
                <value value="123"/>
              </identifier>
              <status value="finished"/>
              <class>
                <system value="https://interoperabilidad.minsal.cl/fhir/ig/tei/CodeSystem/CSModalidadAtencionCodigo"/>
                <code value="1"/>
                <display value="Presencial"/>
              </class>
              <subject>
                <reference value="Patient/EjemploPatientLE"/>
              </subject>
              <participant>
                <individual>
                  <reference value="PractitionerRole/PractitionerRoleIniciador"/>
                </individual>
              </participant>
              <period>
                <start value="2024-01-17T16:00:00+10:00"/>
                <end value="2024-01-17T16:30:00+10:00"/>
              </period>
              <diagnosis>
                <condition>
                  <reference value="Condition/ConditionInicialEjemplo"/>
                </condition>
                <rank value="1"/>
              </diagnosis>
            </Encounter>
          </resource>
        </entry>
        <entry>
          <fullUrl value="http://interoperabilidad.minsal.cl/fhir/ig/tei/Patient/EjemploPatientLE"/>
          <resource>
            <Patient>
              <id value="EjemploPatientLE"/>
              <meta>
                <profile value="https://interoperabilidad.minsal.cl/fhir/ig/tei/StructureDefinition/PatientLE"/>
              </meta>
              <extension url="https://hl7chile.cl/fhir/ig/clcore/StructureDefinition/IdentidadDeGenero">
                <valueCodeableConcept>
                  <coding>
                    <system value="https://hl7chile.cl/fhir/ig/clcore/CodeSystem/CSIdentidaddeGenero"/>
                    <code value="2"/>
                    <display value="Femenina"/>
                  </coding>
                </valueCodeableConcept>
              </extension>
              <extension url="https://hl7chile.cl/fhir/ig/clcore/StructureDefinition/CodigoPaises">
                <valueCodeableConcept>
                  <coding>
                    <system value="https://hl7chile.cl/fhir/ig/clcore/CodeSystem/CodPais"/>
                    <code value="152"/>
                    <display value="Chile"/>
                  </coding>
                </valueCodeableConcept>
              </extension>
              <extension url="https://interoperabilidad.minsal.cl/fhir/ig/tei/StructureDefinition/PaisOrigenMPI">
                <valueCodeableConcept>
                  <coding>
                    <system value="https://hl7chile.cl/fhir/ig/clcore/CodeSystem/CodPais"/>
                    <code value="152"/>
                    <display value="Chile"/>
                  </coding>
                </valueCodeableConcept>
              </extension>
              <extension url="https://interoperabilidad.minsal.cl/fhir/ig/tei/StructureDefinition/PueblosOriginariosPerteneciente">
                <valueBoolean value="true"/>
              </extension>
              <extension url="https://interoperabilidad.minsal.cl/fhir/ig/tei/StructureDefinition/PueblosAfrodescendiente">
                <valueBoolean value="false"/>
              </extension>
              <extension url="https://interoperabilidad.minsal.cl/fhir/ig/tei/StructureDefinition/PueblosOriginarios">
                <valueCodeableConcept>
                  <coding>
                    <system value="https://interoperabilidad.minsal.cl/fhir/ig/tei/CodeSystem/PueblosOriginariosCS"/>
                    <code value="07"/>
                    <display value="Diaguita"/>
                  </coding>
                </valueCodeableConcept>
              </extension>
              <identifier>
                <use value="official"/>
                <type>
                  <extension url="https://hl7chile.cl/fhir/ig/clcore/StructureDefinition/CodigoPaises">
                    <valueCodeableConcept>
                      <coding>
                        <system value="https://hl7chile.cl/fhir/ig/clcore/CodeSystem/CodPais"/>
                        <code value="152"/>
                        <display value="Chile"/>
                      </coding>
                    </valueCodeableConcept>
                  </extension>
                  <coding>
                    <system value="https://hl7chile.cl/fhir/ig/clcore/CodeSystem/CSTipoIdentificador"/>
                    <code value="01"/>
                    <display value="RUN"/>
                  </coding>
                  <text value="Rol Único Nacional"/>
                </type>
                <value value="90000000-6"/>
                <assigner>
                  <display value="Republica de Chile"/>
                </assigner>
              </identifier>
              <active value="true"/>
              <name>
                <use value="official"/>
                <family value="Gonzalez">
                  <extension url="https://hl7chile.cl/fhir/ig/clcore/StructureDefinition/SegundoApellido">
                    <valueString value="Morales"/>
                  </extension>
                </family>
                <given value="María"/>
                <given value="Josefina"/>
              </name>
              <telecom>
                <system value="phone"/>
                <value value="(562) 5555 6473"/>
                <use value="work"/>
                <rank value="1"/>
              </telecom>
              <gender value="male"/>
              <birthDate value="1974-12-25"/>
              <deceasedBoolean value="false"/>
              <address>
                <use value="home"/>
                <text value="Calle Arrabal Conchita Tejeda Nº 24, Esc. 432"/>
                <line value="Calle Arrabal Conchita Tejeda"/>
                <city value="Huara">
                  <extension url="https://hl7chile.cl/fhir/ig/clcore/StructureDefinition/ComunasCl">
                    <valueCodeableConcept>
                      <coding>
                        <system value="https://hl7chile.cl/fhir/ig/clcore/CodeSystem/CSCodComunasCL"/>
                        <code value="01404"/>
                        <display value="Huara"/>
                      </coding>
                    </valueCodeableConcept>
                  </extension>
                </city>
                <district value="Provincia del Tamarugal">
                  <extension url="https://hl7chile.cl/fhir/ig/clcore/StructureDefinition/ProvinciasCl">
                    <valueCodeableConcept>
                      <coding>
                        <system value="https://hl7chile.cl/fhir/ig/clcore/CodeSystem/CSCodProvinciasCL"/>
                        <code value="014"/>
                        <display value="Tamarugal"/>
                      </coding>
                    </valueCodeableConcept>
                  </extension>
                </district>
                <state value="Región de Tarapacá">
                  <extension url="https://hl7chile.cl/fhir/ig/clcore/StructureDefinition/RegionesCl">
                    <valueCodeableConcept>
                      <coding>
                        <system value="https://hl7chile.cl/fhir/ig/clcore/CodeSystem/CSCodRegionCL"/>
                        <code value="01"/>
                        <display value="Tarapacá"/>
                      </coding>
                    </valueCodeableConcept>
                  </extension>
                </state>
              </address>
            </Patient>
          </resource>
        </entry>
        <entry>
          <fullUrl value="http://interoperabilidad.minsal.cl/fhir/ig/tei/Condition/ConditionInicialEjemplo"/>
          <resource>
            <Condition>
              <id value="ConditionInicialEjemplo"/>
              <meta>
                <profile value="https://interoperabilidad.minsal.cl/fhir/ig/tei/StructureDefinition/ConditionDiagnosticoLE"/>
              </meta>
              <clinicalStatus>
                <coding>
                  <system value="http://terminology.hl7.org/CodeSystem/condition-clinical"/>
                  <code value="active"/>
                  <display value="Active"/>
                </coding>
                <text value="Activo"/>
              </clinicalStatus>
              <verificationStatus>
                <coding>
                  <system value="http://terminology.hl7.org/CodeSystem/condition-ver-status"/>
                  <code value="confirmed"/>
                  <display value="Confirmed"/>
                </coding>
                <text value="Confirmado"/>
              </verificationStatus>
              <category>
                <coding>
                  <system value="http://terminology.hl7.org/CodeSystem/condition-category"/>
                  <code value="encounter-diagnosis"/>
                  <display value="Encounter Diagnosis"/>
                </coding>
                <text value="Diagnostico del encuentro"/>
              </category>
              <severity>
                <coding>
                  <system value="http://snomed.info/sct"/>
                  <code value="24484000"/>
                  <display value="Severe"/>
                </coding>
                <text value="Severo"/>
              </severity>
              <code>
                <coding>
                  <system value="http://snomed.info/sct"/>
                  <code value="165865000"/>
                  <display value="Adrenal antibody detected"/>
                </coding>
                <text value="anticuerpos contra glándulas suprarrenales detectados"/>
              </code>
              <subject>
                <reference value="Patient/EjemploPatientLE"/>
              </subject>
              <encounter>
                <reference value="Encounter/EncounterIniciarEjemplo"/>
              </encounter>
            </Condition>
          </resource>
        </entry>
        <entry>
          <fullUrl value="http://interoperabilidad.minsal.cl/fhir/ig/tei/Observation/IndiceConmorbilidadEjemplo"/>
          <resource>
            <Observation>
              <id value="IndiceConmorbilidadEjemplo"/>
              <meta>
                <profile value="https://interoperabilidad.minsal.cl/fhir/ig/tei/StructureDefinition/ObservationIndiceComorbilidadLE"/>
              </meta>
              <status value="final"/>
              <category>
                <coding>
                  <system value="http://terminology.hl7.org/CodeSystem/observation-category"/>
                  <code value="survey"/>
                </coding>
              </category>
              <code>
                <coding>
                  <system value="https://interoperabilidad.minsal.cl/fhir/ig/tei/CodeSystem/CSTipoObservacionMinsal"/>
                  <code value="ECICEP"/>
                </coding>
                <text value="Indice Comorbilidad"/>
              </code>
              <subject>
                <reference value="Patient/EjemploPatientLE"/>
              </subject>
              <encounter>
                <reference value="Encounter/EncounterIniciarEjemplo"/>
              </encounter>
              <valueCodeableConcept>
                <coding>
                  <system value="https://interoperabilidad.minsal.cl/fhir/ig/tei/CodeSystem/CSIndicecomorbilidad"/>
                  <code value="G2"/>
                  <display value="Riesgo Moderado, 2 a 4 condiciones crónicas"/>
                </coding>
              </valueCodeableConcept>
            </Observation>
          </resource>
        </entry>
        <entry>
          <fullUrl value="http://interoperabilidad.minsal.cl/fhir/ig/tei/Observation/EjemploObservationDiscapacidadLE"/>
          <resource>
            <Observation>
              <id value="EjemploObservationDiscapacidadLE"/>
              <meta>
                <profile value="https://interoperabilidad.minsal.cl/fhir/ig/tei/StructureDefinition/ObservationDiscapacidadLE"/>
              </meta>
              <status value="final"/>
              <code>
                <coding>
                  <system value="http://loinc.org"/>
                  <code value="101720-1"/>
                  <display value="Disability status"/>
                </coding>
                <text value="Discapacidad"/>
              </code>
              <subject>
                <reference value="Patient/EjemploPatientLE"/>
              </subject>
              <valueBoolean value="true"/>
            </Observation>
          </resource>
        </entry>
        <entry>
          <fullUrl value="http://interoperabilidad.minsal.cl/fhir/ig/tei/Observation/EjemploObservationCuidador"/>
          <resource>
            <Observation>
              <id value="EjemploObservationCuidador"/>
              <meta>
                <profile value="https://interoperabilidad.minsal.cl/fhir/ig/tei/StructureDefinition/ObservationIniciarCuidadorLE"/>
              </meta>
              <status value="final"/>
              <code>
                <coding>
                  <system value="http://loinc.org"/>
                  <code value="95385-1"/>
                  <display value="Caregiver for person with age-related complaints, chronic diseases or frailty"/>
                </coding>
                <text value="Cuidador de una persona con dolencias relacionadas con la edad o enfermedades crónicas."/>
              </code>
              <subject>
                <reference value="Patient/EjemploPatientLE"/>
              </subject>
              <valueBoolean value="true"/>
            </Observation>
          </resource>
        </entry>
        <entry>
          <fullUrl value="http://interoperabilidad.minsal.cl/fhir/ig/tei/Observation/AnticuerpoAdrenal"/>
          <resource>
            <Observation>
              <id value="AnticuerpoAdrenal"/>
              <meta>
                <profile value="https://interoperabilidad.minsal.cl/fhir/ig/tei/StructureDefinition/ObservationResultadoExamen"/>
              </meta>
              <status value="registered"/>
              <category>
                <coding>
                  <system value="http://terminology.hl7.org/CodeSystem/observation-category"/>
                  <code value="laboratory"/>
                </coding>
              </category>
              <code>
                <coding>
                  <system value="http://loinc.org"/>
                  <code value="8059-8"/>
                </coding>
                <text value="Ab adrenal en Sérum"/>
              </code>
              <subject>
                <reference value="Patient/EjemploPatientLE"/>
              </subject>
              <encounter>
                <reference value="Encounter/EncounterIniciarEjemplo"/>
              </encounter>
              <effectiveDateTime value="2024-01-17T15:00:00-03:00"/>
              <valueQuantity>
                <value value="10"/>
                <unit value="U/mL"/>
                <system value="http://unitsofmeasure.org"/>
                <code value="U/mL"/>
              </valueQuantity>
            </Observation>
          </resource>
        </entry>
        <entry>
          <fullUrl value="http://interoperabilidad.minsal.cl/fhir/ig/tei/AllergyIntolerance/AllergyIntoleranceExample"/>
          <resource>
            <AllergyIntolerance>
              <id value="AllergyIntoleranceExample"/>
              <meta>
                <profile value="https://interoperabilidad.minsal.cl/fhir/ig/tei/StructureDefinition/AllergyIntoleranceIniciarLE"/>
              </meta>
              <clinicalStatus>
                <coding>
                  <system value="http://terminology.hl7.org/CodeSystem/allergyintolerance-clinical"/>
                  <code value="active"/>
                  <display value="Active"/>
                </coding>
                <text value="Activo"/>
              </clinicalStatus>
              <verificationStatus>
                <coding>
                  <system value="http://terminology.hl7.org/CodeSystem/allergyintolerance-verification"/>
                  <code value="confirmed"/>
                  <display value="Confirmed"/>
                </coding>
                <text value="Confirmado"/>
              </verificationStatus>
              <code>
                <coding>
                  <system value="http://snomed.info/sct"/>
                  <code value="227493005"/>
                </coding>
                <text value="Alergía a castaña de cajú"/>
              </code>
              <patient>
                <reference value="Patient/EjemploPatientLE"/>
              </patient>
            </AllergyIntolerance>
          </resource>
        </entry>
        <entry>
          <fullUrl value="http://interoperabilidad.minsal.cl/fhir/ig/tei/PractitionerRole/PractitionerRoleIniciador"/>
          <resource>
            <PractitionerRole>
              <id value="PractitionerRoleIniciador"/>
              <meta>
                <profile value="https://interoperabilidad.minsal.cl/fhir/ig/tei/StructureDefinition/PractitionerRoleLE"/>
              </meta>
              <active value="true"/>
              <practitioner>
                <reference value="Practitioner/PractitionerProfesionalLEEjemplo1"/>
              </practitioner>
              <organization>
                <reference value="Organization/OrganizationLEEjemplo"/>
              </organization>
              <code>
                <coding>
                  <system value="https://interoperabilidad.minsal.cl/fhir/ig/tei/CodeSystem/CSPractitionerTipoRolLE"/>
                  <code value="iniciador"/>
                  <display value="Iniciador"/>
                </coding>
              </code>
            </PractitionerRole>
          </resource>
        </entry>
        <entry>
          <fullUrl value="http://interoperabilidad.minsal.cl/fhir/ig/tei/Practitioner/PractitionerProfesionalLEEjemplo1"/>
          <resource>
            <Practitioner>
              <id value="PractitionerProfesionalLEEjemplo1"/>
              <meta>
                <profile value="https://interoperabilidad.minsal.cl/fhir/ig/tei/StructureDefinition/PractitionerProfesionalLE"/>
              </meta>
              <identifier>
                <use value="official"/>
                <type>
                  <coding>
                    <system value="https://hl7chile.cl/fhir/ig/clcore/CodeSystem/CSTipoIdentificador"/>
                    <code value="01"/>
                    <display value="RUN"/>
                  </coding>
                  <text value="Rol Único Nacional"/>
                </type>
                <value value="90000000-6"/>
                <assigner>
                  <display value="Republica de Chile"/>
                </assigner>
              </identifier>
              <identifier>
                <use value="secondary"/>
                <type>
                  <coding>
                    <system value="https://hl7chile.cl/fhir/ig/clcore/CodeSystem/CSTipoIdentificador"/>
                    <code value="13"/>
                    <display value="RNPI"/>
                  </coding>
                  <text value="Registro Nacional de Prestadores Individuales"/>
                </type>
                <value value="9999999"/>
                <assigner>
                  <display value="Intendencia de prestadores individuales - Superintendencia de Salud"/>
                </assigner>
              </identifier>
              <active value="true"/>
              <name>
                <family value="Gonzalez">
                  <extension url="https://hl7chile.cl/fhir/ig/clcore/StructureDefinition/SegundoApellido">
                    <valueString value="Torres"/>
                  </extension>
                </family>
                <given value="Víctor"/>
                <prefix value="Dr"/>
              </name>
              <address>
                <use value="work"/>
                <line value="Dirección falsa 123,depto 1202"/>
                <state>
                  <extension url="https://hl7chile.cl/fhir/ig/clcore/StructureDefinition/RegionesCl">
                    <valueCodeableConcept>
                      <coding>
                        <system value="https://hl7chile.cl/fhir/ig/clcore/CodeSystem/CSCodRegionCL"/>
                        <code value="13"/>
                        <display value="Metropolitana de Santiago"/>
                      </coding>
                    </valueCodeableConcept>
                  </extension>
                </state>
              </address>
              <gender value="male"/>
              <birthDate value="1980-01-01"/>
              <qualification>
                <identifier>
                  <value value="cert"/>
                </identifier>
                <code>
                  <coding>
                    <system value="https://interoperabilidad.minsal.cl/fhir/ig/tei/CodeSystem/CSTituloProfesional"/>
                    <code value="1"/>
                    <display value="MÉDICO CIRUJANO"/>
                  </coding>
                  <text value="MÉDICO CIRUJANO"/>
                </code>
                <period>
                  <start value="2007-11-01"/>
                </period>
                <issuer>
                  <display value="Universidad de Chile"/>
                </issuer>
              </qualification>
            </Practitioner>
          </resource>
        </entry>
        <entry>
          <fullUrl value="http://interoperabilidad.minsal.cl/fhir/ig/tei/Organization/OrganizationLEEjemplo"/>
          <resource>
            <Organization>
              <id value="OrganizationLEEjemplo"/>
              <meta>
                <profile value="https://interoperabilidad.minsal.cl/fhir/ig/tei/StructureDefinition/OrganizationLE"/>
              </meta>
              <identifier>
                <system value="https://interoperabilidad.minsal.cl/fhir/ig/tei/CodeSystem/CSEstablecimientoDestino"/>
                <value value="120101"/>
              </identifier>
              <name value="Complejo Asistencial Dr. Víctor Ríos Ruiz (Los Ángeles)"/>
              <alias value="Hospital de Los Ángeles"/>
              <telecom>
                <system value="phone"/>
                <value value="(+56) 432336000"/>
              </telecom>
              <address>
                <line value="Ricardo Vicuña 147"/>
                <city value="Los Ángeles">
                  <extension url="https://hl7chile.cl/fhir/ig/clcore/StructureDefinition/ComunasCl">
                    <valueCodeableConcept>
                      <coding>
                        <system value="https://hl7chile.cl/fhir/ig/clcore/CodeSystem/CSCodComunasCL"/>
                        <code value="08301"/>
                        <display value="Los Ángeles"/>
                      </coding>
                    </valueCodeableConcept>
                  </extension>
                </city>
                <postalCode value="4451055"/>
                <country value="Chile">
                  <extension url="https://hl7chile.cl/fhir/ig/clcore/StructureDefinition/CodigoPaises">
                    <valueCodeableConcept>
                      <coding>
                        <system value="https://hl7chile.cl/fhir/ig/clcore/CodeSystem/CodPais"/>
                        <code value="152"/>
                        <display value="Chile"/>
                      </coding>
                    </valueCodeableConcept>
                  </extension>
                </country>
              </address>
            </Organization>
          </resource>
        </entry>
        <entry>
          <fullUrl value="http://interoperabilidad.minsal.cl/fhir/ig/tei/QuestionnaireResponse/MotivoDerivacionEjemplo"/>
          <resource>
            <QuestionnaireResponse>
              <id value="MotivoDerivacionEjemplo"/>
              <meta>
                <profile value="https://interoperabilidad.minsal.cl/fhir/ig/tei/StructureDefinition/QuestionnaireResponseIniciarLE"/>
              </meta>
              <questionnaire value="https://interoperabilidad.minsal.cl/fhir/ig/tei/Questionnaire/MotivoDerivacion"/>
              <status value="completed"/>
              <subject>
                <reference value="Patient/EjemploPatientLE"/>
              </subject>
              <encounter>
                <reference value="Encounter/EncounterIniciarEjemplo"/>
              </encounter>
              <author>
                <reference value="Practitioner/PractitionerProfesionalLEEjemplo1"/>
              </author>
              <item>
                <linkId value="MotivoDerivacion"/>
                <text value="Motivo Derivación"/>
                <answer>
                  <valueString value="Paciente sufre de alzas constantes de presión no manejadas en APS. Comienza con precordalgia aguda."/>
                </answer>
              </item>
            </QuestionnaireResponse>
          </resource>
        </entry>
        <entry>
          <fullUrl value="http://interoperabilidad.minsal.cl/fhir/ig/tei/ServiceRequest/SolicitudExamenEjemplo"/>
          <resource>
            <ServiceRequest>
              <id value="SolicitudExamenEjemplo"/>
              <meta>
                <profile value="https://interoperabilidad.minsal.cl/fhir/ig/tei/StructureDefinition/ServiceRequestExamenLE"/>
              </meta>
              <basedOn>
                <reference value="ServiceRequest/SolicitudInterconsultaEjemplo1"/>
              </basedOn>
              <status value="draft"/>
              <intent value="order"/>
              <code>
                <coding>
                  <system value="http://loinc.org"/>
                  <code value="2857-1"/>
                  <display value="Prostate specific Ag [Mass/volume] in Serum or Plasma"/>
                </coding>
                <text value="Antigeno Prostático Específico en Suero o Plasma"/>
              </code>
              <subject>
                <reference value="Patient/EjemploPatientLE"/>
              </subject>
              <authoredOn value="2024-01-17T16:00:00-03:00"/>
              <requester>
                <reference value="Practitioner/PractitionerProfesionalLEEjemplo1"/>
              </requester>
              <reasonCode>
                <coding>
                  <system value="http://snomed.info/sct"/>
                  <code value="414205003"/>
                </coding>
                <text value="antecedente familiar de neoplasia maligna de próstata"/>
              </reasonCode>
              <note>
                <text value="paciente con APE elevado en 2022, se solicita examen vigente previo a atención con especialidad"/>
              </note>
            </ServiceRequest>
          </resource>
        </entry>
      </Bundle>
    </resource>
  </entry>
  <entry>
    <fullUrl value="Bundle/bundle-referenciar-001"/>
    <resource>
      <Bundle>
        <id value="BundleReferenciarEjemplo"/>
        <meta>
          <profile value="https://interoperabilidad.minsal.cl/fhir/ig/tei/StructureDefinition/BundleReferenciarLE"/>
        </meta>
        <type value="message"/>
        <timestamp value="2024-01-18T16:00:00-03:00"/>
        <entry>
          <fullUrl value="http://interoperabilidad.minsal.cl/fhir/ig/tei/MessageHeader/MesssageHeaderReferenciar"/>
          <resource>
            <MessageHeader>
              <id value="MesssageHeaderReferenciar"/>
              <meta>
                <lastUpdated value="2024-01-18T16:00:00-03:00"/>
                <profile value="https://interoperabilidad.minsal.cl/fhir/ig/tei/StructureDefinition/MessageHeaderLE"/>
              </meta>
              <eventCoding>
                <system value="https://interoperabilidad.minsal.cl/fhir/ig/tei/CodeSystem/CSTipoEventoLE"/>
                <code value="referenciar"/>
                <display value="Referenciar"/>
              </eventCoding>
              <author>
                <reference value="PractitionerRole/PractitionerRoleReferenciador"/>
              </author>
              <source>
                <software value="SISMaule"/>
                <endpoint value="llp:10.11.12.13:5432"/>
              </source>
              <focus>
                <reference value="ServiceRequest/SolicitudInterconsultaEjemplo2"/>
              </focus>
            </MessageHeader>
          </resource>
        </entry>
        <entry>
          <fullUrl value="http://interoperabilidad.minsal.cl/fhir/ig/tei/ServiceRequest/SolicitudInterconsultaEjemplo2"/>
          <resource>
            <ServiceRequest>
              <id value="SolicitudInterconsultaEjemplo2"/>
              <meta>
                <versionId value="2.0"/>
                <profile value="https://interoperabilidad.minsal.cl/fhir/ig/tei/StructureDefinition/ServiceRequestLE"/>
              </meta>
              <extension url="https://interoperabilidad.minsal.cl/fhir/ig/tei/StructureDefinition/ExtensionBoolRequiereExamen">
                <valueBoolean value="true"/>
              </extension>
              <extension url="https://interoperabilidad.minsal.cl/fhir/ig/tei/StructureDefinition/ExtensionBoolResolutividadAPS">
                <valueBoolean value="true"/>
              </extension>
              <extension url="https://interoperabilidad.minsal.cl/fhir/ig/tei/StructureDefinition/ExtensionOrigenInterconsulta">
                <valueCodeableConcept>
                  <coding>
                    <system value="https://interoperabilidad.minsal.cl/fhir/ig/tei/CodeSystem/CSorigenInterconsulta"/>
                    <code value="1"/>
                    <display value="APS"/>
                  </coding>
                </valueCodeableConcept>
              </extension>
              <extension url="https://interoperabilidad.minsal.cl/fhir/ig/tei/StructureDefinition/ExtensionEstadoInterconsultaCodigoLE">
                <valueCodeableConcept>
                  <coding>
                    <system value="https://interoperabilidad.minsal.cl/fhir/ig/tei/CodeSystem/CSEstadoInterconsulta"/>
                    <code value="2"/>
                    <display value="A la espera de revisión"/>
                  </coding>
                </valueCodeableConcept>
              </extension>
              <extension url="https://interoperabilidad.minsal.cl/fhir/ig/tei/StructureDefinition/ExtensionEspecialidadMedicaDestinoCodigo">
                <valueCodeableConcept>
                  <coding>
                    <system value="https://interoperabilidad.minsal.cl/fhir/ig/tei/CodeSystem/CSEspecialidadMed"/>
                    <code value="30"/>
                    <display value="MEDICINA INTERNA"/>
                  </coding>
                </valueCodeableConcept>
              </extension>
              <extension url="https://interoperabilidad.minsal.cl/fhir/ig/tei/StructureDefinition/ExtensionSubEspecialidadMedicaDestinoCodigo">
                <valueCodeableConcept>
                  <coding>
                    <system value="https://interoperabilidad.minsal.cl/fhir/ig/tei/CodeSystem/CSEspecialidadMed"/>
                    <code value="14"/>
                    <display value="ENDOCRINOLOGÍA ADULTO"/>
                  </coding>
                </valueCodeableConcept>
              </extension>
              <identifier>
                <value value="123"/>
              </identifier>
              <status value="draft"/>
              <intent value="order"/>
              <category>
                <coding>
                  <system value="https://interoperabilidad.minsal.cl/fhir/ig/tei/CodeSystem/CSModalidadAtencionCodigo"/>
                  <code value="1"/>
                  <display value="Presencial"/>
                </coding>
              </category>
              <priority value="routine"/>
              <code>
                <coding>
                  <system value="http://snomed.info/sct"/>
                  <code value="103696004"/>
                </coding>
                <text value="Interconsulta para atención presencial"/>
              </code>
              <subject>
                <reference value="Patient/EjemploPatientLE"/>
              </subject>
              <encounter>
                <reference value="Encounter/EncounterIniciarEjemplo"/>
              </encounter>
              <authoredOn value="2024-12-10T09:00:00Z"/>
              <requester>
                <reference value="PractitionerRole/PractitionerRoleIniciador"/>
              </requester>
              <performer>
                <reference value="PractitionerRole/PractitionerRoleAtendedor1"/>
              </performer>
              <locationCode>
                <coding>
                  <system value="https://interoperabilidad.minsal.cl/fhir/ig/tei/CodeSystem/CSDestinoReferenciaCodigo"/>
                  <code value="1"/>
                  <display value="Nivel Secundario"/>
                </coding>
              </locationCode>
              <reasonCode>
                <coding>
                  <system value="https://interoperabilidad.minsal.cl/fhir/ig/tei/CodeSystem/CSDerivadoParaCodigo"/>
                  <code value="1"/>
                  <display value="Confirmación"/>
                </coding>
              </reasonCode>
              <supportingInfo>
                <reference value="Condition/ConditionInicialEjemplo"/>
              </supportingInfo>
              <supportingInfo>
                <reference value="AllergyIntolerance/AllergyIntoleranceExample"/>
              </supportingInfo>
              <supportingInfo>
                <reference value="Observation/IndiceConmorbilidadEjemplo"/>
              </supportingInfo>
              <supportingInfo>
                <reference value="Observation/EjemploObservationCuidador"/>
              </supportingInfo>
              <supportingInfo>
                <reference value="Observation/EjemploObservationDiscapacidadLE"/>
              </supportingInfo>
              <supportingInfo>
                <reference value="QuestionnaireResponse/MotivoDerivacionEjemplo"/>
              </supportingInfo>
              <supportingInfo>
                <reference value="ServiceRequest/EjemploSolicitudExamen"/>
              </supportingInfo>
              <supportingInfo>
                <reference value="Observation/AnticuerpoAdrenal"/>
              </supportingInfo>
            </ServiceRequest>
          </resource>
        </entry>
        <entry>
          <fullUrl value="http://interoperabilidad.minsal.cl/fhir/ig/tei/Practitioner/PractitionerProfesionalLEEjemplo2"/>
          <resource>
            <Practitioner>
              <id value="PractitionerProfesionalLEEjemplo2"/>
              <meta>
                <profile value="https://interoperabilidad.minsal.cl/fhir/ig/tei/StructureDefinition/PractitionerProfesionalLE"/>
              </meta>
              <identifier>
                <use value="official"/>
                <type>
                  <coding>
                    <system value="https://hl7chile.cl/fhir/ig/clcore/CodeSystem/CSTipoIdentificador"/>
                    <code value="01"/>
                    <display value="RUN"/>
                  </coding>
                  <text value="Rol Único Nacional"/>
                </type>
                <value value="90000000-6"/>
                <assigner>
                  <display value="Republica de Chile"/>
                </assigner>
              </identifier>
              <identifier>
                <use value="secondary"/>
                <type>
                  <coding>
                    <system value="https://hl7chile.cl/fhir/ig/clcore/CodeSystem/CSTipoIdentificador"/>
                    <code value="13"/>
                    <display value="RNPI"/>
                  </coding>
                  <text value="Registro Nacional de Prestadores Individuales"/>
                </type>
                <value value="9999999"/>
                <assigner>
                  <display value="Intendencia de prestadores individuales - Superintendencia de Salud"/>
                </assigner>
              </identifier>
              <active value="true"/>
              <name>
                <family value="Gonzalez">
                  <extension url="https://hl7chile.cl/fhir/ig/clcore/StructureDefinition/SegundoApellido">
                    <valueString value="Torres"/>
                  </extension>
                </family>
                <given value="Víctor"/>
                <prefix value="Dr"/>
              </name>
              <address>
                <use value="work"/>
                <line value="Dirección falsa 123,depto 1202"/>
                <state>
                  <extension url="https://hl7chile.cl/fhir/ig/clcore/StructureDefinition/RegionesCl">
                    <valueCodeableConcept>
                      <coding>
                        <system value="https://hl7chile.cl/fhir/ig/clcore/CodeSystem/CSCodRegionCL"/>
                        <code value="13"/>
                        <display value="Metropolitana de Santiago"/>
                      </coding>
                    </valueCodeableConcept>
                  </extension>
                </state>
              </address>
              <gender value="male"/>
              <birthDate value="1980-01-01"/>
              <qualification>
                <identifier>
                  <value value="cert"/>
                </identifier>
                <code>
                  <coding>
                    <system value="https://interoperabilidad.minsal.cl/fhir/ig/tei/CodeSystem/CSTituloProfesional"/>
                    <code value="1"/>
                    <display value="MÉDICO CIRUJANO"/>
                  </coding>
                  <text value="MÉDICO CIRUJANO"/>
                </code>
                <period>
                  <start value="2007-11-01"/>
                </period>
                <issuer>
                  <display value="Universidad de Chile"/>
                </issuer>
              </qualification>
            </Practitioner>
          </resource>
        </entry>
        <entry>
          <fullUrl value="http://interoperabilidad.minsal.cl/fhir/ig/tei/PractitionerRole/PractitionerRoleReferenciador"/>
          <resource>
            <PractitionerRole>
              <id value="PractitionerRoleReferenciador"/>
              <meta>
                <profile value="https://interoperabilidad.minsal.cl/fhir/ig/tei/StructureDefinition/PractitionerRoleLE"/>
              </meta>
              <active value="true"/>
              <practitioner>
                <reference value="Practitioner/PractitionerProfesionalLEEjemplo2"/>
              </practitioner>
              <organization>
                <reference value="Organization/OrganizationLEReferenciar"/>
              </organization>
              <code>
                <coding>
                  <system value="https://interoperabilidad.minsal.cl/fhir/ig/tei/CodeSystem/CSPractitionerTipoRolLE"/>
                  <code value="referenciador"/>
                  <display value="Referenciador"/>
                </coding>
              </code>
            </PractitionerRole>
          </resource>
        </entry>
        <entry>
          <fullUrl value="http://interoperabilidad.minsal.cl/fhir/ig/tei/PractitionerRole/PractitionerRoleAtendedor1"/>
          <resource>
            <PractitionerRole>
              <id value="PractitionerRoleAtendedor1"/>
              <meta>
                <versionId value="1.0"/>
                <profile value="https://interoperabilidad.minsal.cl/fhir/ig/tei/StructureDefinition/PractitionerRoleLE"/>
              </meta>
              <active value="true"/>
              <organization>
                <reference value="Organization/OrganizationLEAtendedor"/>
              </organization>
              <code>
                <coding>
                  <system value="https://interoperabilidad.minsal.cl/fhir/ig/tei/CodeSystem/CSPractitionerTipoRolLE"/>
                  <code value="atendedor"/>
                  <display value="Atendedor"/>
                </coding>
              </code>
            </PractitionerRole>
          </resource>
        </entry>
        <entry>
          <fullUrl value="http://interoperabilidad.minsal.cl/fhir/ig/tei/Organization/OrganizationLEReferenciar"/>
          <resource>
            <Organization>
              <id value="OrganizationLEReferenciar"/>
              <meta>
                <profile value="https://interoperabilidad.minsal.cl/fhir/ig/tei/StructureDefinition/OrganizationLE"/>
              </meta>
              <identifier>
                <system value="https://interoperabilidad.minsal.cl/fhir/ig/tei/CodeSystem/CSEstablecimientoDestino"/>
                <value value="120101"/>
              </identifier>
              <name value="Complejo Asistencial Dr. Víctor Ríos Ruiz (Los Ángeles)"/>
              <alias value="Hospital de Los Ángeles"/>
              <telecom>
                <system value="phone"/>
                <value value="(+56) 432336000"/>
              </telecom>
              <address>
                <line value="Ricardo Vicuña 147"/>
                <city value="Los Ángeles">
                  <extension url="https://hl7chile.cl/fhir/ig/clcore/StructureDefinition/ComunasCl">
                    <valueCodeableConcept>
                      <coding>
                        <system value="https://hl7chile.cl/fhir/ig/clcore/CodeSystem/CSCodComunasCL"/>
                        <code value="08301"/>
                        <display value="Los Ángeles"/>
                      </coding>
                    </valueCodeableConcept>
                  </extension>
                </city>
                <postalCode value="4451055"/>
                <country value="Chile">
                  <extension url="https://hl7chile.cl/fhir/ig/clcore/StructureDefinition/CodigoPaises">
                    <valueCodeableConcept>
                      <coding>
                        <system value="https://hl7chile.cl/fhir/ig/clcore/CodeSystem/CodPais"/>
                        <code value="152"/>
                        <display value="Chile"/>
                      </coding>
                    </valueCodeableConcept>
                  </extension>
                </country>
              </address>
            </Organization>
          </resource>
        </entry>
        <entry>
          <fullUrl value="http://interoperabilidad.minsal.cl/fhir/ig/tei/Organization/OrganizationLEAtendedor"/>
          <resource>
            <Organization>
              <id value="OrganizationLEAtendedor"/>
              <meta>
                <profile value="https://interoperabilidad.minsal.cl/fhir/ig/tei/StructureDefinition/OrganizationLE"/>
              </meta>
              <identifier>
                <system value="https://interoperabilidad.minsal.cl/fhir/ig/tei/CodeSystem/CSEstablecimientoDestino"/>
                <value value="121343"/>
              </identifier>
              <name value="Centro de Referencia de Salud Miraflores"/>
            </Organization>
          </resource>
        </entry>
      </Bundle>
    </resource>
  </entry>
  <entry>
    <fullUrl value="Bundle/bundle-revisar-001"/>
    <resource>
      <Bundle>
        <id value="BundleRevisarEjemplo"/>
        <meta>
          <profile value="https://interoperabilidad.minsal.cl/fhir/ig/tei/StructureDefinition/BundleRevisarLE"/>
        </meta>
        <type value="message"/>
        <timestamp value="2024-01-19T16:00:00-03:00"/>
        <entry>
          <fullUrl value="http://interoperabilidad.minsal.cl/fhir/ig/tei/MessageHeader/MesssageHeaderRevisar"/>
          <resource>
            <MessageHeader>
              <id value="MesssageHeaderRevisar"/>
              <meta>
                <lastUpdated value="2024-01-19T16:00:00-03:00"/>
                <profile value="https://interoperabilidad.minsal.cl/fhir/ig/tei/StructureDefinition/MessageHeaderLE"/>
              </meta>
              <eventCoding>
                <system value="https://interoperabilidad.minsal.cl/fhir/ig/tei/CodeSystem/CSTipoEventoLE"/>
                <code value="revisar"/>
                <display value="Revisar"/>
              </eventCoding>
              <author>
                <reference value="PractitionerRole/PractitionerRoleRevisor"/>
              </author>
              <source>
                <software value="SISMaule"/>
                <endpoint value="llp:10.11.12.13:5432"/>
              </source>
              <focus>
                <reference value="ServiceRequest/SolicitudInterconsultaEjemplo3"/>
              </focus>
            </MessageHeader>
          </resource>
        </entry>
        <entry>
          <fullUrl value="http://interoperabilidad.minsal.cl/fhir/ig/tei/ServiceRequest/SolicitudInterconsultaEjemplo3"/>
          <resource>
            <ServiceRequest>
              <id value="SolicitudInterconsultaEjemplo3"/>
              <meta>
                <versionId value="3.0"/>
                <profile value="https://interoperabilidad.minsal.cl/fhir/ig/tei/StructureDefinition/ServiceRequestLE"/>
              </meta>
              <extension url="https://interoperabilidad.minsal.cl/fhir/ig/tei/StructureDefinition/ExtensionBoolRequiereExamen">
                <valueBoolean value="true"/>
              </extension>
              <extension url="https://interoperabilidad.minsal.cl/fhir/ig/tei/StructureDefinition/ExtensionBoolResolutividadAPS">
                <valueBoolean value="true"/>
              </extension>
              <extension url="https://interoperabilidad.minsal.cl/fhir/ig/tei/StructureDefinition/ExtensionOrigenInterconsulta">
                <valueCodeableConcept>
                  <coding>
                    <system value="https://interoperabilidad.minsal.cl/fhir/ig/tei/CodeSystem/CSorigenInterconsulta"/>
                    <code value="1"/>
                    <display value="APS"/>
                  </coding>
                </valueCodeableConcept>
              </extension>
              <extension url="https://interoperabilidad.minsal.cl/fhir/ig/tei/StructureDefinition/ExtensionEstadoInterconsultaCodigoLE">
                <valueCodeableConcept>
                  <coding>
                    <system value="https://interoperabilidad.minsal.cl/fhir/ig/tei/CodeSystem/CSEstadoInterconsulta"/>
                    <code value="3"/>
                    <display value="A la espera de priorización"/>
                  </coding>
                </valueCodeableConcept>
              </extension>
              <extension url="https://interoperabilidad.minsal.cl/fhir/ig/tei/StructureDefinition/ExtensionEspecialidadMedicaDestinoCodigo">
                <valueCodeableConcept>
                  <coding>
                    <system value="https://interoperabilidad.minsal.cl/fhir/ig/tei/CodeSystem/CSEspecialidadMed"/>
                    <code value="30"/>
                    <display value="MEDICINA INTERNA"/>
                  </coding>
                </valueCodeableConcept>
              </extension>
              <extension url="https://interoperabilidad.minsal.cl/fhir/ig/tei/StructureDefinition/ExtensionSubEspecialidadMedicaDestinoCodigo">
                <valueCodeableConcept>
                  <coding>
                    <system value="https://interoperabilidad.minsal.cl/fhir/ig/tei/CodeSystem/CSEspecialidadMed"/>
                    <code value="14"/>
                    <display value="ENDOCRINOLOGÍA ADULTO"/>
                  </coding>
                </valueCodeableConcept>
              </extension>
              <extension url="https://interoperabilidad.minsal.cl/fhir/ig/tei/StructureDefinition/ExtensionPertinenciaInterconsulta">
                <extension url="EvaluacionPertinencia">
                  <valueCodeableConcept>
                    <coding>
                      <system value="https://interoperabilidad.minsal.cl/fhir/ig/tei/CodeSystem/CSPertinenciaInterconsulta"/>
                      <code value="3"/>
                      <display value="Pertinente Incompleta"/>
                    </coding>
                  </valueCodeableConcept>
                </extension>
              </extension>
              <identifier>
                <value value="123"/>
              </identifier>
              <status value="draft"/>
              <intent value="order"/>
              <category>
                <coding>
                  <system value="https://interoperabilidad.minsal.cl/fhir/ig/tei/CodeSystem/CSModalidadAtencionCodigo"/>
                  <code value="1"/>
                  <display value="Presencial"/>
                </coding>
              </category>
              <priority value="routine"/>
              <code>
                <coding>
                  <system value="http://snomed.info/sct"/>
                  <code value="103696004"/>
                </coding>
                <text value="Interconsulta para atención presencial"/>
              </code>
              <subject>
                <reference value="Patient/EjemploPatientLE"/>
              </subject>
              <encounter>
                <reference value="Encounter/EncounterIniciarEjemplo"/>
              </encounter>
              <authoredOn value="2024-12-10T09:00:00Z"/>
              <requester>
                <reference value="PractitionerRole/PractitionerRoleIniciador"/>
              </requester>
              <performer>
                <reference value="PractitionerRole/PractitionerRoleRevisor"/>
              </performer>
              <locationCode>
                <coding>
                  <system value="https://interoperabilidad.minsal.cl/fhir/ig/tei/CodeSystem/CSDestinoReferenciaCodigo"/>
                  <code value="1"/>
                  <display value="Nivel Secundario"/>
                </coding>
              </locationCode>
              <reasonCode>
                <coding>
                  <system value="https://interoperabilidad.minsal.cl/fhir/ig/tei/CodeSystem/CSDerivadoParaCodigo"/>
                  <code value="1"/>
                  <display value="Confirmación"/>
                </coding>
              </reasonCode>
              <supportingInfo>
                <reference value="Condition/ConditionInicialEjemplo"/>
              </supportingInfo>
              <supportingInfo>
                <reference value="AllergyIntolerance/AllergyIntoleranceExample"/>
              </supportingInfo>
              <supportingInfo>
                <reference value="Observation/IndiceConmorbilidadEjemplo"/>
              </supportingInfo>
              <supportingInfo>
                <reference value="Observation/EjemploObservationCuidador"/>
              </supportingInfo>
              <supportingInfo>
                <reference value="Observation/EjemploObservationDiscapacidadLE"/>
              </supportingInfo>
              <supportingInfo>
                <reference value="QuestionnaireResponse/MotivoDerivacionEjemplo"/>
              </supportingInfo>
              <supportingInfo>
                <reference value="ServiceRequest/EjemploSolicitudExamen"/>
              </supportingInfo>
              <supportingInfo>
                <reference value="Observation/AnticuerpoAdrenal"/>
              </supportingInfo>
            </ServiceRequest>
          </resource>
        </entry>
        <entry>
          <fullUrl value="http://interoperabilidad.minsal.cl/fhir/ig/tei/Practitioner/PractitionerProfesionalLERevisor"/>
          <resource>
            <Practitioner>
              <id value="PractitionerProfesionalLERevisor"/>
              <meta>
                <profile value="https://interoperabilidad.minsal.cl/fhir/ig/tei/StructureDefinition/PractitionerProfesionalLE"/>
              </meta>
              <identifier>
                <use value="official"/>
                <type>
                  <coding>
                    <system value="https://hl7chile.cl/fhir/ig/clcore/CodeSystem/CSTipoIdentificador"/>
                    <code value="01"/>
                    <display value="RUN"/>
                  </coding>
                  <text value="Rol Único Nacional"/>
                </type>
                <value value="19949350-7"/>
                <assigner>
                  <display value="Republica de Chile"/>
                </assigner>
              </identifier>
              <identifier>
                <use value="secondary"/>
                <type>
                  <coding>
                    <system value="https://hl7chile.cl/fhir/ig/clcore/CodeSystem/CSTipoIdentificador"/>
                    <code value="13"/>
                    <display value="RNPI"/>
                  </coding>
                  <text value="Registro Nacional de Prestadores Individuales"/>
                </type>
                <value value="1234543"/>
                <assigner>
                  <display value="Intendencia de prestadores individuales - Superintendencia de Salud"/>
                </assigner>
              </identifier>
              <active value="true"/>
              <name>
                <family value="Gonzalez">
                  <extension url="https://hl7chile.cl/fhir/ig/clcore/StructureDefinition/SegundoApellido">
                    <valueString value="Gutierrez"/>
                  </extension>
                </family>
                <given value="Gonzalo"/>
                <prefix value="Dr"/>
              </name>
              <gender value="male"/>
              <birthDate value="1980-01-01"/>
              <qualification>
                <identifier>
                  <value value="cert"/>
                </identifier>
                <code>
                  <coding>
                    <system value="https://interoperabilidad.minsal.cl/fhir/ig/tei/CodeSystem/CSTituloProfesional"/>
                    <code value="1"/>
                    <display value="MÉDICO CIRUJANO"/>
                  </coding>
                  <text value="MÉDICO CIRUJANO"/>
                </code>
                <period>
                  <start value="2007-11-01"/>
                </period>
                <issuer>
                  <display value="Universidad de Chile"/>
                </issuer>
              </qualification>
              <qualification>
                <identifier>
                  <value value="esp"/>
                </identifier>
                <code>
                  <coding>
                    <system value="https://interoperabilidad.minsal.cl/fhir/ig/tei/CodeSystem/CSEspecialidadMed"/>
                    <code value="30"/>
                    <display value="MEDICINA INTERNA"/>
                  </coding>
                  <text value="MEDICINA INTERNA"/>
                </code>
                <period>
                  <start value="2010-11-01"/>
                </period>
                <issuer>
                  <display value="Pontificia Universidad Católica de Chile"/>
                </issuer>
              </qualification>
              <qualification>
                <identifier>
                  <value value="subesp"/>
                </identifier>
                <code>
                  <coding>
                    <system value="https://interoperabilidad.minsal.cl/fhir/ig/tei/CodeSystem/CSEspecialidadMed"/>
                    <code value="14"/>
                    <display value="ENDOCRINOLOGÍA ADULTO"/>
                  </coding>
                  <text value="ENDOCRINOLOGÍA ADULTO"/>
                </code>
                <period>
                  <start value="2014-11-01"/>
                </period>
                <issuer>
                  <display value="Universidad de Valparaíso"/>
                </issuer>
              </qualification>
            </Practitioner>
          </resource>
        </entry>
        <entry>
          <fullUrl value="http://interoperabilidad.minsal.cl/fhir/ig/tei/PractitionerRole/PractitionerRoleRevisor"/>
          <resource>
            <PractitionerRole>
              <id value="PractitionerRoleRevisor"/>
              <meta>
                <profile value="https://interoperabilidad.minsal.cl/fhir/ig/tei/StructureDefinition/PractitionerRoleLE"/>
              </meta>
              <active value="true"/>
              <practitioner>
                <reference value="Practitioner/PractitionerProfesionalLERevisor"/>
              </practitioner>
              <organization>
                <reference value="Organization/OrganizationLERevisora2"/>
              </organization>
              <code>
                <coding>
                  <system value="https://interoperabilidad.minsal.cl/fhir/ig/tei/CodeSystem/CSPractitionerTipoRolLE"/>
                  <code value="revisor"/>
                  <display value="Revisor"/>
                </coding>
              </code>
            </PractitionerRole>
          </resource>
        </entry>
        <entry>
          <fullUrl value="http://interoperabilidad.minsal.cl/fhir/ig/tei/Organization/OrganizationLERevisora2"/>
          <resource>
            <Organization>
              <id value="OrganizationLERevisora2"/>
              <meta>
                <profile value="https://interoperabilidad.minsal.cl/fhir/ig/tei/StructureDefinition/OrganizationLE"/>
              </meta>
              <identifier>
                <system value="https://interoperabilidad.minsal.cl/fhir/ig/tei/CodeSystem/CSEstablecimientoDestino"/>
                <value value="121343"/>
              </identifier>
              <name value="Centro de Referencia de Salud Miraflores"/>
            </Organization>
          </resource>
        </entry>
        <entry>
          <fullUrl value="http://interoperabilidad.minsal.cl/fhir/ig/tei/ServiceRequest/EjemploSolicitudExamen"/>
          <resource>
            <ServiceRequest>
              <id value="EjemploSolicitudExamen"/>
              <meta>
                <profile value="https://interoperabilidad.minsal.cl/fhir/ig/tei/StructureDefinition/ServiceRequestExamenLE"/>
              </meta>
              <basedOn>
                <reference value="ServiceRequest/EjemploSolicitudInterconsultaFinalizada"/>
              </basedOn>
              <status value="draft"/>
              <intent value="order"/>
              <code>
                <coding>
                  <system value="http://loinc.org"/>
                  <code value="2857-1"/>
                  <display value="Prostate specific Ag [Mass/volume] in Serum or Plasma"/>
                </coding>
                <text value="Antigeno Prostático Específico en Suero o Plasma"/>
              </code>
              <subject>
                <reference value="Patient/EjemploPatientLE"/>
              </subject>
              <occurrenceDateTime value="2024-01-19T16:00:00-03:00"/>
              <authoredOn value="2024-01-17T16:00:00-03:00"/>
              <requester>
                <reference value="Practitioner/PractitionerProfesionalLEEjemplo1"/>
              </requester>
              <reasonCode>
                <coding>
                  <system value="http://snomed.info/sct"/>
                  <code value="414205003"/>
                </coding>
                <text value="antecedente familiar de neoplasia maligna de próstata"/>
              </reasonCode>
              <note>
                <text value="paciente con APE elevado en 2022, se solicita examen vigente previo a atención con especialidad"/>
              </note>
            </ServiceRequest>
          </resource>
        </entry>
      </Bundle>
    </resource>
  </entry>
</Bundle>