<?xml version="1.0" encoding="UTF-8"?><ValueSet xmlns="http://hl7.org/fhir"><id value="VSPrevision"/><text><status value="generated"/><div xmlns="http://www.w3.org/1999/xhtml"><p class="res-header-id"><b>Generated Narrative: ValueSet VSPrevision</b></p><a name="VSPrevision"> </a><a name="hcVSPrevision"> </a><ul><li>Include all codes defined in <a href="CodeSystem-CSPrevision.html"><code>https://interoperabilidad.minsal.cl/fhir/ig/tei-aps-secundario/CodeSystem/CSPrevision</code></a></li></ul></div></text><url value="https://interoperabilidad.minsal.cl/fhir/ig/tei-aps-secundario/ValueSet/VSPrevision"/><version value="0.1.0"/><name value="VSPrevision"/><title value="VS Prevision"/><status value="active"/><experimental value="false"/><date value="2025-09-30T00:48:00-03:00"/><publisher value="CENS"/><contact><name value="CENS"/><telecom><system value="url"/><value value="https://www.cens.cl"/></telecom></contact><description value="Previsión del paciente"/><compose><include><system value="https://interoperabilidad.minsal.cl/fhir/ig/tei-aps-secundario/CodeSystem/CSPrevision"/></include></compose></ValueSet>