<?xml version="1.0" encoding="UTF-8"?><ValueSet xmlns="http://hl7.org/fhir"><id value="VSTipoEventoTEI"/><text><status value="generated"/><div xmlns="http://www.w3.org/1999/xhtml"><p class="res-header-id"><b>Generated Narrative: ValueSet VSTipoEventoTEI</b></p><a name="VSTipoEventoTEI"> </a><a name="hcVSTipoEventoTEI"> </a><ul><li>Include all codes defined in <a href="CodeSystem-CSTipoEventoTEI.html"><code>https://interoperabilidad.minsal.cl/fhir/ig/tei-aps-secundario/CodeSystem/CSTipoEventoTEI</code></a></li></ul></div></text><url value="https://interoperabilidad.minsal.cl/fhir/ig/tei-aps-secundario/ValueSet/VSTipoEventoTEI"/><version value="0.1.0"/><name value="VSTipoEventoTEI"/><title value="Tipo de Evento"/><status value="draft"/><experimental value="false"/><date value="2025-10-07T23:46:48-03:00"/><publisher value="CENS"/><contact><name value="CENS"/><telecom><system value="url"/><value value="https://www.cens.cl"/></telecom></contact><description value="Tipo de evento en APS-Secundario"/><compose><include><system value="https://interoperabilidad.minsal.cl/fhir/ig/tei-aps-secundario/CodeSystem/CSTipoEventoTEI"/></include></compose></ValueSet>