{
  "resourceType" : "Bundle",
  "id" : "BundleRevisarEjemplo",
  "meta" : {
    "profile" : ["https://interoperabilidad.minsal.cl/fhir/ig/tei/StructureDefinition/BundleRevisarLE"]
  },
  "type" : "message",
  "timestamp" : "2024-01-19T16:00:00-03:00",
  "entry" : [{
    "fullUrl" : "http://interoperabilidad.minsal.cl/fhir/ig/tei/MessageHeader/MesssageHeaderRevisar",
    "resource" : {
      "resourceType" : "MessageHeader",
      "id" : "MesssageHeaderRevisar",
      "meta" : {
        "lastUpdated" : "2024-01-19T16:00:00-03:00",
        "profile" : ["https://interoperabilidad.minsal.cl/fhir/ig/tei/StructureDefinition/MessageHeaderLE"]
      },
      "text" : {
        "status" : "generated",
        "div" : "<div xmlns=\"http://www.w3.org/1999/xhtml\"><a name=\"MessageHeader_MesssageHeaderRevisar\"> </a><p class=\"res-header-id\"><b>Generated Narrative: MessageHeader MesssageHeaderRevisar</b></p><a name=\"MesssageHeaderRevisar\"> </a><a name=\"hcMesssageHeaderRevisar\"> </a><div style=\"display: inline-block; background-color: #d9e0e7; padding: 6px; margin: 4px; border: 1px solid #8da1b4; border-radius: 5px; line-height: 60%\"><p style=\"margin-bottom: 0px\">Last updated: 2024-01-19 16:00:00-0300</p><p style=\"margin-bottom: 0px\">Profile: <a href=\"https://interoperabilidad.minsal.cl/fhir/ig/tei/0.2.1/StructureDefinition-MessageHeaderLE.html\">MessageHeader LE</a></p></div><p><b>event</b>: <a href=\"https://interoperabilidad.minsal.cl/fhir/ig/tei/0.2.1/CodeSystem-CSTipoEventoLE.html#CSTipoEventoLE-revisar\">Tipo de Evento revisar</a>: Revisar</p><p><b>author</b>: <a href=\"Bundle-BundleRevisarEjemplo.html#PractitionerRole_PractitionerRoleRevisor\">Bundle: type = message; timestamp = 2024-01-19 16:00:00-0300</a></p><h3>Sources</h3><table class=\"grid\"><tr><td style=\"display: none\">-</td><td><b>Software</b></td><td><b>Endpoint</b></td></tr><tr><td style=\"display: none\">*</td><td>SISMaule</td><td>llp:10.11.12.13:5432</td></tr></table><p><b>focus</b>: <a href=\"Bundle-BundleRevisarEjemplo.html#ServiceRequest_SolicitudInterconsultaEjemplo3\">Bundle: type = message; timestamp = 2024-01-19 16:00:00-0300</a></p></div>"
      },
      "eventCoding" : {
        "system" : "https://interoperabilidad.minsal.cl/fhir/ig/tei/CodeSystem/CSTipoEventoLE",
        "code" : "revisar",
        "display" : "Revisar"
      },
      "author" : {
        "reference" : "PractitionerRole/PractitionerRoleRevisor"
      },
      "source" : {
        "software" : "SISMaule",
        "endpoint" : "llp:10.11.12.13:5432"
      },
      "focus" : [{
        "reference" : "ServiceRequest/SolicitudInterconsultaEjemplo3"
      }]
    }
  },
  {
    "fullUrl" : "http://interoperabilidad.minsal.cl/fhir/ig/tei/ServiceRequest/SolicitudInterconsultaEjemplo3",
    "resource" : {
      "resourceType" : "ServiceRequest",
      "id" : "SolicitudInterconsultaEjemplo3",
      "meta" : {
        "versionId" : "3.0",
        "profile" : ["https://interoperabilidad.minsal.cl/fhir/ig/tei/StructureDefinition/ServiceRequestLE"]
      },
      "text" : {
        "status" : "extensions",
        "div" : "<div xmlns=\"http://www.w3.org/1999/xhtml\"><a name=\"ServiceRequest_SolicitudInterconsultaEjemplo3\"> </a><p class=\"res-header-id\"><b>Generated Narrative: ServiceRequest SolicitudInterconsultaEjemplo3</b></p><a name=\"SolicitudInterconsultaEjemplo3\"> </a><a name=\"hcSolicitudInterconsultaEjemplo3\"> </a><div style=\"display: inline-block; background-color: #d9e0e7; padding: 6px; margin: 4px; border: 1px solid #8da1b4; border-radius: 5px; line-height: 60%\"><p style=\"margin-bottom: 0px\">version: 3.0</p><p style=\"margin-bottom: 0px\">Profile: <a href=\"https://interoperabilidad.minsal.cl/fhir/ig/tei/0.2.1/StructureDefinition-ServiceRequestLE.html\">ServiceRequest LE</a></p></div><p><b>ExtBool Requiere Examen</b>: true</p><p><b>ExtBool Resolutividad APS</b>: true</p><p><b>Origen Interconsulta</b>: <span title=\"Codes:{https://interoperabilidad.minsal.cl/fhir/ig/tei/CodeSystem/CSorigenInterconsulta 1}\">APS</span></p><p><b>Estado Interconsulta Codigo</b>: <span title=\"Codes:{https://interoperabilidad.minsal.cl/fhir/ig/tei/CodeSystem/CSEstadoInterconsulta 3}\">A la espera de priorización</span></p><p><b>Especialidad Médica Destino Código</b>: <span title=\"Codes:{https://interoperabilidad.minsal.cl/fhir/ig/tei/CodeSystem/CSEspecialidadMed 30}\">MEDICINA INTERNA</span></p><p><b>SubEspecialidad Médica Destino Código</b>: <span title=\"Codes:{https://interoperabilidad.minsal.cl/fhir/ig/tei/CodeSystem/CSEspecialidadMed 14}\">ENDOCRINOLOGÍA ADULTO</span></p><blockquote><p><b>Pertinencia Interconsulta</b></p><ul><li>EvaluacionPertinencia: <span title=\"Codes:{https://interoperabilidad.minsal.cl/fhir/ig/tei/CodeSystem/CSPertinenciaInterconsulta 3}\">Pertinente Incompleta</span></li></ul></blockquote><p><b>identifier</b>: 123</p><p><b>status</b>: Draft</p><p><b>intent</b>: Order</p><p><b>category</b>: <span title=\"Codes:{https://interoperabilidad.minsal.cl/fhir/ig/tei/CodeSystem/CSModalidadAtencionCodigo 1}\">Presencial</span></p><p><b>priority</b>: Routine</p><p><b>code</b>: <span title=\"Codes:{http://snomed.info/sct 103696004}\">Interconsulta para atención presencial</span></p><p><b>subject</b>: <a href=\"Bundle-BundleEnriquecidoEjemplo.html#Patient_EjemploPatientLE\">Bundle: type = message; timestamp = 2025-07-24 10:21:55-0400</a></p><p><b>encounter</b>: <a href=\"Bundle-BundleIniciarEjemplo.html#Encounter_EncounterIniciarEjemplo\">Bundle: type = message; timestamp = 2024-01-17 16:00:00-0300</a></p><p><b>authoredOn</b>: 2024-12-10 09:00:00+0000</p><p><b>requester</b>: <a href=\"Bundle-BundleIniciarEjemplo.html#PractitionerRole_PractitionerRoleIniciador\">Bundle: type = message; timestamp = 2024-01-17 16:00:00-0300</a></p><p><b>performer</b>: <a href=\"Bundle-BundleRevisarEjemplo.html#PractitionerRole_PractitionerRoleRevisor\">Bundle: type = message; timestamp = 2024-01-19 16:00:00-0300</a></p><p><b>locationCode</b>: <span title=\"Codes:{https://interoperabilidad.minsal.cl/fhir/ig/tei/CodeSystem/CSDestinoReferenciaCodigo 1}\">Nivel Secundario</span></p><p><b>reasonCode</b>: <span title=\"Codes:{https://interoperabilidad.minsal.cl/fhir/ig/tei/CodeSystem/CSDerivadoParaCodigo 1}\">Confirmación</span></p><p><b>supportingInfo</b>: </p><ul><li><a href=\"Bundle-BundleIniciarEjemplo.html#Condition_ConditionInicialEjemplo\">Bundle: type = message; timestamp = 2024-01-17 16:00:00-0300</a></li><li><a href=\"Bundle-BundleIniciarEjemplo.html#AllergyIntolerance_AllergyIntoleranceExample\">Bundle: type = message; timestamp = 2024-01-17 16:00:00-0300</a></li><li><a href=\"Bundle-BundleIniciarEjemplo.html#Observation_IndiceConmorbilidadEjemplo\">Bundle: type = message; timestamp = 2024-01-17 16:00:00-0300</a></li><li><a href=\"Bundle-BundleIniciarEjemplo.html#Observation_EjemploObservationCuidador\">Bundle: type = message; timestamp = 2024-01-17 16:00:00-0300</a></li><li><a href=\"Bundle-BundleIniciarEjemplo.html#Observation_EjemploObservationDiscapacidadLE\">Bundle: type = message; timestamp = 2024-01-17 16:00:00-0300</a></li><li><a href=\"Bundle-BundleIniciarEjemplo.html#QuestionnaireResponse_MotivoDerivacionEjemplo\">Bundle: type = message; timestamp = 2024-01-17 16:00:00-0300</a></li><li><a href=\"Bundle-BundleRevisarEjemplo.html#ServiceRequest_EjemploSolicitudExamen\">Bundle: type = message; timestamp = 2024-01-19 16:00:00-0300</a></li><li><a href=\"Bundle-BundleIniciarEjemplo.html#Observation_AnticuerpoAdrenal\">Bundle: type = message; timestamp = 2024-01-17 16:00:00-0300</a></li></ul></div>"
      },
      "extension" : [{
        "url" : "https://interoperabilidad.minsal.cl/fhir/ig/tei/StructureDefinition/ExtensionBoolRequiereExamen",
        "valueBoolean" : true
      },
      {
        "url" : "https://interoperabilidad.minsal.cl/fhir/ig/tei/StructureDefinition/ExtensionBoolResolutividadAPS",
        "valueBoolean" : true
      },
      {
        "url" : "https://interoperabilidad.minsal.cl/fhir/ig/tei/StructureDefinition/ExtensionOrigenInterconsulta",
        "valueCodeableConcept" : {
          "coding" : [{
            "system" : "https://interoperabilidad.minsal.cl/fhir/ig/tei/CodeSystem/CSorigenInterconsulta",
            "code" : "1",
            "display" : "APS"
          }]
        }
      },
      {
        "url" : "https://interoperabilidad.minsal.cl/fhir/ig/tei/StructureDefinition/ExtensionEstadoInterconsultaCodigoLE",
        "valueCodeableConcept" : {
          "coding" : [{
            "system" : "https://interoperabilidad.minsal.cl/fhir/ig/tei/CodeSystem/CSEstadoInterconsulta",
            "code" : "3",
            "display" : "A la espera de priorización"
          }]
        }
      },
      {
        "url" : "https://interoperabilidad.minsal.cl/fhir/ig/tei/StructureDefinition/ExtensionEspecialidadMedicaDestinoCodigo",
        "valueCodeableConcept" : {
          "coding" : [{
            "system" : "https://interoperabilidad.minsal.cl/fhir/ig/tei/CodeSystem/CSEspecialidadMed",
            "code" : "30",
            "display" : "MEDICINA INTERNA"
          }]
        }
      },
      {
        "url" : "https://interoperabilidad.minsal.cl/fhir/ig/tei/StructureDefinition/ExtensionSubEspecialidadMedicaDestinoCodigo",
        "valueCodeableConcept" : {
          "coding" : [{
            "system" : "https://interoperabilidad.minsal.cl/fhir/ig/tei/CodeSystem/CSEspecialidadMed",
            "code" : "14",
            "display" : "ENDOCRINOLOGÍA ADULTO"
          }]
        }
      },
      {
        "extension" : [{
          "url" : "EvaluacionPertinencia",
          "valueCodeableConcept" : {
            "coding" : [{
              "system" : "https://interoperabilidad.minsal.cl/fhir/ig/tei/CodeSystem/CSPertinenciaInterconsulta",
              "code" : "3",
              "display" : "Pertinente Incompleta"
            }]
          }
        }],
        "url" : "https://interoperabilidad.minsal.cl/fhir/ig/tei/StructureDefinition/ExtensionPertinenciaInterconsulta"
      }],
      "identifier" : [{
        "value" : "123"
      }],
      "status" : "draft",
      "intent" : "order",
      "category" : [{
        "coding" : [{
          "system" : "https://interoperabilidad.minsal.cl/fhir/ig/tei/CodeSystem/CSModalidadAtencionCodigo",
          "code" : "1",
          "display" : "Presencial"
        }]
      }],
      "priority" : "routine",
      "code" : {
        "coding" : [{
          "system" : "http://snomed.info/sct",
          "code" : "103696004"
        }],
        "text" : "Interconsulta para atención presencial"
      },
      "subject" : {
        "reference" : "Patient/EjemploPatientLE"
      },
      "encounter" : {
        "reference" : "Encounter/EncounterIniciarEjemplo"
      },
      "authoredOn" : "2024-12-10T09:00:00Z",
      "requester" : {
        "reference" : "PractitionerRole/PractitionerRoleIniciador"
      },
      "performer" : [{
        "reference" : "PractitionerRole/PractitionerRoleRevisor"
      }],
      "locationCode" : [{
        "coding" : [{
          "system" : "https://interoperabilidad.minsal.cl/fhir/ig/tei/CodeSystem/CSDestinoReferenciaCodigo",
          "code" : "1",
          "display" : "Nivel Secundario"
        }]
      }],
      "reasonCode" : [{
        "coding" : [{
          "system" : "https://interoperabilidad.minsal.cl/fhir/ig/tei/CodeSystem/CSDerivadoParaCodigo",
          "code" : "1",
          "display" : "Confirmación"
        }]
      }],
      "supportingInfo" : [{
        "reference" : "Condition/ConditionInicialEjemplo"
      },
      {
        "reference" : "AllergyIntolerance/AllergyIntoleranceExample"
      },
      {
        "reference" : "Observation/IndiceConmorbilidadEjemplo"
      },
      {
        "reference" : "Observation/EjemploObservationCuidador"
      },
      {
        "reference" : "Observation/EjemploObservationDiscapacidadLE"
      },
      {
        "reference" : "QuestionnaireResponse/MotivoDerivacionEjemplo"
      },
      {
        "reference" : "ServiceRequest/EjemploSolicitudExamen"
      },
      {
        "reference" : "Observation/AnticuerpoAdrenal"
      }]
    }
  },
  {
    "fullUrl" : "http://interoperabilidad.minsal.cl/fhir/ig/tei/Practitioner/PractitionerProfesionalLERevisor",
    "resource" : {
      "resourceType" : "Practitioner",
      "id" : "PractitionerProfesionalLERevisor",
      "meta" : {
        "profile" : ["https://interoperabilidad.minsal.cl/fhir/ig/tei/StructureDefinition/PractitionerProfesionalLE"]
      },
      "text" : {
        "status" : "generated",
        "div" : "<div xmlns=\"http://www.w3.org/1999/xhtml\"><a name=\"Practitioner_PractitionerProfesionalLERevisor\"> </a><p class=\"res-header-id\"><b>Generated Narrative: Practitioner PractitionerProfesionalLERevisor</b></p><a name=\"PractitionerProfesionalLERevisor\"> </a><a name=\"hcPractitionerProfesionalLERevisor\"> </a><div style=\"display: inline-block; background-color: #d9e0e7; padding: 6px; margin: 4px; border: 1px solid #8da1b4; border-radius: 5px; line-height: 60%\"><p style=\"margin-bottom: 0px\"/><p style=\"margin-bottom: 0px\">Profile: <a href=\"https://interoperabilidad.minsal.cl/fhir/ig/tei/0.2.1/StructureDefinition-PractitionerProfesionalLE.html\">Prestador Profesional LE</a></p></div><p><b>identifier</b>: Rol Único Nacional/19949350-7\u00a0(use:\u00a0official,\u00a0), Registro Nacional de Prestadores Individuales/1234543\u00a0(use:\u00a0secondary,\u00a0)</p><p><b>active</b>: true</p><p><b>name</b>: Gonzalo Gonzalez </p><p><b>gender</b>: Male</p><p><b>birthDate</b>: 1980-01-01</p><blockquote><p><b>qualification</b></p><p><b>identifier</b>: cert</p><p><b>code</b>: <span title=\"Codes:{https://interoperabilidad.minsal.cl/fhir/ig/tei/CodeSystem/CSTituloProfesional 1}\">MÉDICO CIRUJANO</span></p><p><b>period</b>: 2007-11-01 --&gt; (ongoing)</p><p><b>issuer</b>: Universidad de Chile</p></blockquote><blockquote><p><b>qualification</b></p><p><b>identifier</b>: esp</p><p><b>code</b>: <span title=\"Codes:{https://interoperabilidad.minsal.cl/fhir/ig/tei/CodeSystem/CSEspecialidadMed 30}\">MEDICINA INTERNA</span></p><p><b>period</b>: 2010-11-01 --&gt; (ongoing)</p><p><b>issuer</b>: Pontificia Universidad Católica de Chile</p></blockquote><blockquote><p><b>qualification</b></p><p><b>identifier</b>: subesp</p><p><b>code</b>: <span title=\"Codes:{https://interoperabilidad.minsal.cl/fhir/ig/tei/CodeSystem/CSEspecialidadMed 14}\">ENDOCRINOLOGÍA ADULTO</span></p><p><b>period</b>: 2014-11-01 --&gt; (ongoing)</p><p><b>issuer</b>: Universidad de Valparaíso</p></blockquote></div>"
      },
      "identifier" : [{
        "use" : "official",
        "type" : {
          "coding" : [{
            "system" : "https://hl7chile.cl/fhir/ig/clcore/CodeSystem/CSTipoIdentificador",
            "code" : "01",
            "display" : "RUN"
          }],
          "text" : "Rol Único Nacional"
        },
        "value" : "19949350-7",
        "assigner" : {
          "display" : "Republica de Chile"
        }
      },
      {
        "use" : "secondary",
        "type" : {
          "coding" : [{
            "system" : "https://hl7chile.cl/fhir/ig/clcore/CodeSystem/CSTipoIdentificador",
            "code" : "13",
            "display" : "RNPI"
          }],
          "text" : "Registro Nacional de Prestadores Individuales"
        },
        "value" : "1234543",
        "assigner" : {
          "display" : "Intendencia de prestadores individuales - Superintendencia de Salud"
        }
      }],
      "active" : true,
      "name" : [{
        "family" : "Gonzalez",
        "_family" : {
          "extension" : [{
            "url" : "https://hl7chile.cl/fhir/ig/clcore/StructureDefinition/SegundoApellido",
            "valueString" : "Gutierrez"
          }]
        },
        "given" : ["Gonzalo"],
        "prefix" : ["Dr"]
      }],
      "gender" : "male",
      "birthDate" : "1980-01-01",
      "qualification" : [{
        "identifier" : [{
          "value" : "cert"
        }],
        "code" : {
          "coding" : [{
            "system" : "https://interoperabilidad.minsal.cl/fhir/ig/tei/CodeSystem/CSTituloProfesional",
            "code" : "1",
            "display" : "MÉDICO CIRUJANO"
          }],
          "text" : "MÉDICO CIRUJANO"
        },
        "period" : {
          "start" : "2007-11-01"
        },
        "issuer" : {
          "display" : "Universidad de Chile"
        }
      },
      {
        "identifier" : [{
          "value" : "esp"
        }],
        "code" : {
          "coding" : [{
            "system" : "https://interoperabilidad.minsal.cl/fhir/ig/tei/CodeSystem/CSEspecialidadMed",
            "code" : "30",
            "display" : "MEDICINA INTERNA"
          }],
          "text" : "MEDICINA INTERNA"
        },
        "period" : {
          "start" : "2010-11-01"
        },
        "issuer" : {
          "display" : "Pontificia Universidad Católica de Chile"
        }
      },
      {
        "identifier" : [{
          "value" : "subesp"
        }],
        "code" : {
          "coding" : [{
            "system" : "https://interoperabilidad.minsal.cl/fhir/ig/tei/CodeSystem/CSEspecialidadMed",
            "code" : "14",
            "display" : "ENDOCRINOLOGÍA ADULTO"
          }],
          "text" : "ENDOCRINOLOGÍA ADULTO"
        },
        "period" : {
          "start" : "2014-11-01"
        },
        "issuer" : {
          "display" : "Universidad de Valparaíso"
        }
      }]
    }
  },
  {
    "fullUrl" : "http://interoperabilidad.minsal.cl/fhir/ig/tei/PractitionerRole/PractitionerRoleRevisor",
    "resource" : {
      "resourceType" : "PractitionerRole",
      "id" : "PractitionerRoleRevisor",
      "meta" : {
        "profile" : ["https://interoperabilidad.minsal.cl/fhir/ig/tei/StructureDefinition/PractitionerRoleLE"]
      },
      "text" : {
        "status" : "generated",
        "div" : "<div xmlns=\"http://www.w3.org/1999/xhtml\"><a name=\"PractitionerRole_PractitionerRoleRevisor\"> </a><p class=\"res-header-id\"><b>Generated Narrative: PractitionerRole PractitionerRoleRevisor</b></p><a name=\"PractitionerRoleRevisor\"> </a><a name=\"hcPractitionerRoleRevisor\"> </a><div style=\"display: inline-block; background-color: #d9e0e7; padding: 6px; margin: 4px; border: 1px solid #8da1b4; border-radius: 5px; line-height: 60%\"><p style=\"margin-bottom: 0px\"/><p style=\"margin-bottom: 0px\">Profile: <a href=\"https://interoperabilidad.minsal.cl/fhir/ig/tei/0.2.1/StructureDefinition-PractitionerRoleLE.html\">PractitionerRole LE</a></p></div><p><b>active</b>: true</p><p><b>practitioner</b>: <a href=\"Bundle-BundleRevisarEjemplo.html#Practitioner_PractitionerProfesionalLERevisor\">Bundle: type = message; timestamp = 2024-01-19 16:00:00-0300</a></p><p><b>organization</b>: <a href=\"Bundle-BundleRevisarEjemplo.html#Organization_OrganizationLERevisora2\">Bundle: type = message; timestamp = 2024-01-19 16:00:00-0300</a></p><p><b>code</b>: <span title=\"Codes:{https://interoperabilidad.minsal.cl/fhir/ig/tei/CodeSystem/CSPractitionerTipoRolLE revisor}\">Revisor</span></p></div>"
      },
      "active" : true,
      "practitioner" : {
        "reference" : "Practitioner/PractitionerProfesionalLERevisor"
      },
      "organization" : {
        "reference" : "Organization/OrganizationLERevisora2"
      },
      "code" : [{
        "coding" : [{
          "system" : "https://interoperabilidad.minsal.cl/fhir/ig/tei/CodeSystem/CSPractitionerTipoRolLE",
          "code" : "revisor",
          "display" : "Revisor"
        }]
      }]
    }
  },
  {
    "fullUrl" : "http://interoperabilidad.minsal.cl/fhir/ig/tei/Organization/OrganizationLERevisora2",
    "resource" : {
      "resourceType" : "Organization",
      "id" : "OrganizationLERevisora2",
      "meta" : {
        "profile" : ["https://interoperabilidad.minsal.cl/fhir/ig/tei/StructureDefinition/OrganizationLE"]
      },
      "text" : {
        "status" : "generated",
        "div" : "<div xmlns=\"http://www.w3.org/1999/xhtml\"><a name=\"Organization_OrganizationLERevisora2\"> </a><p class=\"res-header-id\"><b>Generated Narrative: Organization OrganizationLERevisora2</b></p><a name=\"OrganizationLERevisora2\"> </a><a name=\"hcOrganizationLERevisora2\"> </a><div style=\"display: inline-block; background-color: #d9e0e7; padding: 6px; margin: 4px; border: 1px solid #8da1b4; border-radius: 5px; line-height: 60%\"><p style=\"margin-bottom: 0px\"/><p style=\"margin-bottom: 0px\">Profile: <a href=\"https://interoperabilidad.minsal.cl/fhir/ig/tei/0.2.1/StructureDefinition-OrganizationLE.html\">Organization LE</a></p></div><p><b>identifier</b>: <code>https://interoperabilidad.minsal.cl/fhir/ig/tei/CodeSystem/CSEstablecimientoDestino</code>/121343</p><p><b>name</b>: Centro de Referencia de Salud Miraflores</p></div>"
      },
      "identifier" : [{
        "system" : "https://interoperabilidad.minsal.cl/fhir/ig/tei/CodeSystem/CSEstablecimientoDestino",
        "value" : "121343"
      }],
      "name" : "Centro de Referencia de Salud Miraflores"
    }
  },
  {
    "fullUrl" : "http://interoperabilidad.minsal.cl/fhir/ig/tei/ServiceRequest/EjemploSolicitudExamen",
    "resource" : {
      "resourceType" : "ServiceRequest",
      "id" : "EjemploSolicitudExamen",
      "meta" : {
        "profile" : ["https://interoperabilidad.minsal.cl/fhir/ig/tei/StructureDefinition/ServiceRequestExamenLE"]
      },
      "text" : {
        "status" : "generated",
        "div" : "<div xmlns=\"http://www.w3.org/1999/xhtml\"><a name=\"ServiceRequest_EjemploSolicitudExamen\"> </a><p class=\"res-header-id\"><b>Generated Narrative: ServiceRequest EjemploSolicitudExamen</b></p><a name=\"EjemploSolicitudExamen\"> </a><a name=\"hcEjemploSolicitudExamen\"> </a><div style=\"display: inline-block; background-color: #d9e0e7; padding: 6px; margin: 4px; border: 1px solid #8da1b4; border-radius: 5px; line-height: 60%\"><p style=\"margin-bottom: 0px\"/><p style=\"margin-bottom: 0px\">Profile: <a href=\"https://interoperabilidad.minsal.cl/fhir/ig/tei/0.2.1/StructureDefinition-ServiceRequestExamenLE.html\">Solicitud de Examen LE</a></p></div><p><b>basedOn</b>: <a href=\"https://interoperabilidad.minsal.cl/fhir/ig/tei/0.2.1/ServiceRequest-EjemploSolicitudInterconsultaFinalizada.html\">ServiceRequest: extension = Atención Realizada (1),true,true,true,APS,Paciente es jefe de hogar y cuidador de adulto mayor.,Cerrada,MEDICINA INTERNA,ENDOCRINOLOGÍA ADULTO,; identifier = 123; status = draft; intent = order; category = Presencial; priority = routine; code = No display for ServiceRequest.code ; authoredOn = 2024-12-10 09:00:00+0000</a></p><p><b>status</b>: Draft</p><p><b>intent</b>: Order</p><p><b>code</b>: <span title=\"Codes:{http://loinc.org 2857-1}\">Antigeno Prostático Específico en Suero o Plasma</span></p><p><b>subject</b>: <a href=\"Bundle-BundleEnriquecidoEjemplo.html#Patient_EjemploPatientLE\">Bundle: type = message; timestamp = 2025-07-24 10:21:55-0400</a></p><p><b>occurrence</b>: 2024-01-19 16:00:00-0300</p><p><b>authoredOn</b>: 2024-01-17 16:00:00-0300</p><p><b>requester</b>: <a href=\"Bundle-BundleIniciarEjemplo.html#Practitioner_PractitionerProfesionalLEEjemplo1\">Bundle: type = message; timestamp = 2024-01-17 16:00:00-0300</a></p><p><b>reasonCode</b>: <span title=\"Codes:{http://snomed.info/sct 414205003}\">antecedente familiar de neoplasia maligna de próstata</span></p><p><b>note</b>: </p><blockquote><div><p>paciente con APE elevado en 2022, se solicita examen vigente previo a atención con especialidad</p>\n</div></blockquote></div>"
      },
      "basedOn" : [{
        "reference" : "ServiceRequest/EjemploSolicitudInterconsultaFinalizada"
      }],
      "status" : "draft",
      "intent" : "order",
      "code" : {
        "coding" : [{
          "system" : "http://loinc.org",
          "code" : "2857-1",
          "display" : "Prostate specific Ag [Mass/volume] in Serum or Plasma"
        }],
        "text" : "Antigeno Prostático Específico en Suero o Plasma"
      },
      "subject" : {
        "reference" : "Patient/EjemploPatientLE"
      },
      "occurrenceDateTime" : "2024-01-19T16:00:00-03:00",
      "authoredOn" : "2024-01-17T16:00:00-03:00",
      "requester" : {
        "reference" : "Practitioner/PractitionerProfesionalLEEjemplo1"
      },
      "reasonCode" : [{
        "coding" : [{
          "system" : "http://snomed.info/sct",
          "code" : "414205003"
        }],
        "text" : "antecedente familiar de neoplasia maligna de próstata"
      }],
      "note" : [{
        "text" : "paciente con APE elevado en 2022, se solicita examen vigente previo a atención con especialidad"
      }]
    }
  }]
}