{
  "codeSystems" : [
    {
      "url" : "https://interoperabilidad.minsal.cl/fhir/ig/tei-aps-secundario/CodeSystem/CSPrevision",
      "version" : "0.1.0",
      "status" : "active",
      "name" : "CSPrevision",
      "title" : "CS Prevision",
      "description" : "Codigos de la previsión del paciente"
    },
    {
      "url" : "https://interoperabilidad.minsal.cl/fhir/ig/tei-aps-secundario/CodeSystem/CSTipoEventoTEI",
      "version" : "0.1.0",
      "status" : "draft",
      "name" : "CSTipoEventoTEI",
      "title" : "Tipo de Evento",
      "description" : "CodeSystem con códigos definidos para representar cada evento en APS-Secundario"
    }
  ]
}
