{
  "codeSystems" : [
    {
      "url" : "http://hl7.org/fhir/fm-status",
      "version" : "4.0.1",
      "status" : "draft",
      "name" : "FinancialResourceStatusCodes",
      "title" : "Financial Resource Status Codes",
      "description" : "This value set includes Status codes.",
      "oids" : ["2.16.840.1.113883.4.642.4.593"],
      "uses" : {
      },
      "http://hl7.org/fhir/R4/valueset-fm-status.html" : "Financial Resource Status Codes"
    },
    {
      "url" : "https://interoperabilidad.minsal.cl/fhir/ig/tei-aps-secundario/CodeSystem/CSPrevision",
      "version" : "0.1.0",
      "status" : "active",
      "name" : "CSPrevision",
      "title" : "CS Prevision",
      "description" : "Codigos de la previsión del paciente",
      "uses" : {
      },
      "ValueSet-VSPrevision.html" : "VS Prevision"
    },
    {
      "url" : "https://interoperabilidad.minsal.cl/fhir/ig/tei-aps-secundario/CodeSystem/CSTipoEventoTEI",
      "version" : "0.1.0",
      "status" : "draft",
      "name" : "CSTipoEventoTEI",
      "title" : "Tipo de Evento",
      "description" : "CodeSystem con códigos definidos para representar cada evento en APS-Secundario",
      "uses" : {
      },
      "ValueSet-VSTipoEventoTEI.html" : "Tipo de Evento"
    },
    {
      "url" : "https://interoperabilidad.minsal.cl/fhir/ig/tei/CodeSystem/CSTituloProfesional",
      "version" : "0.2.1",
      "status" : "active",
      "name" : "CSTituloProfesional",
      "title" : "TituloProfesional",
      "description" : "TituloProfesional",
      "uses" : {
      },
      "https://interoperabilidad.minsal.cl/fhir/ig/tei/0.2.1/ValueSet-VSTituloProfesional.html" : "TituloProfesional"
    }
  ]
}
