<?xml version="1.0" encoding="UTF-8"?>

<CodeSystem xmlns="http://hl7.org/fhir">
  <id value="CSTipoEventoTEI"/>
  <text>
    <status value="generated"/><div xmlns="http://www.w3.org/1999/xhtml"><p class="res-header-id"><b>Generated Narrative: CodeSystem CSTipoEventoTEI</b></p><a name="CSTipoEventoTEI"> </a><a name="hcCSTipoEventoTEI"> </a><p>This case-sensitive code system <code>https://interoperabilidad.minsal.cl/fhir/ig/tei-aps-secundario/CodeSystem/CSTipoEventoTEI</code> defines the following code:</p><table class="codes"><tr><td style="white-space:nowrap"><b>Code</b></td><td><b>Display</b></td></tr><tr><td style="white-space:nowrap">resumir-aps<a name="CSTipoEventoTEI-resumir-aps"> </a></td><td>Resumir eventos APS</td></tr></table></div>
  </text>
  <url value="https://interoperabilidad.minsal.cl/fhir/ig/tei-aps-secundario/CodeSystem/CSTipoEventoTEI"/>
  <version value="0.1.0"/>
  <name value="CSTipoEventoTEI"/>
  <title value="Tipo de Evento"/>
  <status value="draft"/>
  <experimental value="false"/>
  <date value="2025-09-23T18:02:15-03:00"/>
  <publisher value="CENS"/>
  <contact>
    <name value="CENS"/>
    <telecom>
      <system value="url"/>
      <value value="https://www.cens.cl"/>
    </telecom>
  </contact>
  <description value="CodeSystem con códigos definidos para representar cada evento en APS-Secundario"/>
  <caseSensitive value="true"/>
  <content value="complete"/>
  <count value="1"/>
  <concept>
    <code value="resumir-aps"/>
    <display value="Resumir eventos APS"/>
  </concept>
</CodeSystem>