<?xml version="1.0" encoding="UTF-8"?>

<Coverage xmlns="http://hl7.org/fhir">
  <id value="EjemploPrevison"/>
  <meta>
    <profile value="https://interoperabilidad.minsal.cl/fhir/ig/tei-aps-secundario/StructureDefinition/Prevision"/>
  </meta>
  <text>
    <status value="extensions"/><div xmlns="http://www.w3.org/1999/xhtml"><p class="res-header-id"><b>Generated Narrative: Coverage EjemploPrevison</b></p><a name="EjemploPrevison"> </a><a name="hcEjemploPrevison"> </a><div style="display: inline-block; background-color: #d9e0e7; padding: 6px; margin: 4px; border: 1px solid #8da1b4; border-radius: 5px; line-height: 60%"><p style="margin-bottom: 0px"/><p style="margin-bottom: 0px">Profile: <a href="StructureDefinition-Prevision.html">Prevision</a></p></div><p><b>ExtBool Prais</b>: true</p><p><b>status</b>: Active</p><p><b>type</b>: <span title="Codes:{https://interoperabilidad.minsal.cl/fhir/ig/tei-aps-secundario/CodeSystem/CSPrevision 01}">FONASA</span></p><p><b>beneficiary</b>: <a href="Bundle-BundleEnriquecidoEjemplo.html#Patient_EjemploPatientLE">Bundle: type = message; timestamp = 2025-07-24 10:21:55-0400</a></p><p><b>payor</b>: Fonasa</p><h3>Classes</h3><table class="grid"><tr><td style="display: none">-</td><td><b>Type</b></td><td><b>Value</b></td><td><b>Name</b></td></tr><tr><td style="display: none">*</td><td><span title="Codes:">class</span></td><td>A</td><td>Fonasa Tramo A</td></tr></table></div>
  </text>
  <extension url="https://interoperabilidad.minsal.cl/fhir/ig/tei-aps-secundario/StructureDefinition/ExtensionBoolPrais">
    <valueBoolean value="true"/>
  </extension>
  <status value="active"/>
  <type>
    <coding>
      <system value="https://interoperabilidad.minsal.cl/fhir/ig/tei-aps-secundario/CodeSystem/CSPrevision"/>
      <code value="01"/>
      <display value="FONASA"/>
    </coding>
  </type>
  <beneficiary>
    <reference value="Patient/EjemploPatientLE"/>
  </beneficiary>
  <payor>
    <display value="Fonasa"/>
  </payor>
  <class>
    <type>
      <coding>
        <code value="class"/>
      </coding>
    </type>
    <value value="A"/>
    <name value="Fonasa Tramo A"/>
  </class>
</Coverage>