{
  "resourceType" : "Encounter",
  "id" : "EncounterIniciarTEIEjemplo",
  "meta" : {
    "profile" : ["https://interoperabilidad.minsal.cl/fhir/ig/tei/StructureDefinition/EncounterIniciarLE"]
  },
  "text" : {
    "status" : "extensions",
    "div" : "<div xmlns=\"http://www.w3.org/1999/xhtml\"><p class=\"res-header-id\"><b>Generated Narrative: Encounter EncounterIniciarTEIEjemplo</b></p><a name=\"EncounterIniciarTEIEjemplo\"> </a><a name=\"hcEncounterIniciarTEIEjemplo\"> </a><div style=\"display: inline-block; background-color: #d9e0e7; padding: 6px; margin: 4px; border: 1px solid #8da1b4; border-radius: 5px; line-height: 60%\"><p style=\"margin-bottom: 0px\"/><p style=\"margin-bottom: 0px\">Profile: <a href=\"https://interoperabilidad.minsal.cl/fhir/ig/tei/0.2.1/StructureDefinition-EncounterIniciarLE.html\">Encounter Iniciar LE</a></p></div><p><b>Consecuencia Atención Codigo</b>: <span title=\"Codes:{https://interoperabilidad.minsal.cl/fhir/ig/tei/CodeSystem/CSConsecuenciaAtencionCodigo 3}\">Derivación</span></p><p><b>identifier</b>: 13696133\u00a0(use:\u00a0official,\u00a0)</p><p><b>status</b>: Finished</p><p><b>class</b>: <a href=\"https://interoperabilidad.minsal.cl/fhir/ig/tei/0.2.1/CodeSystem-CSModalidadAtencionCodigo.html#CSModalidadAtencionCodigo-1\">Modalidad Atencion Codigo 1</a>: Presencial</p><p><b>subject</b>: <a href=\"Patient/07216d5b-1662-46ac-a041-20a40f2b3881\">Patient/07216d5b-1662-46ac-a041-20a40f2b3881</a></p><h3>Participants</h3><table class=\"grid\"><tr><td style=\"display: none\">-</td><td><b>Individual</b></td></tr><tr><td style=\"display: none\">*</td><td><a href=\"PractitionerRole/71c67974-99f2-4537-8956-4391865cba48\">PractitionerRole/71c67974-99f2-4537-8956-4391865cba48</a></td></tr></table><p><b>period</b>: 2025-07-24 10:19:44-0400 --&gt; 2025-07-24 10:21:53-0400</p><h3>Diagnoses</h3><table class=\"grid\"><tr><td style=\"display: none\">-</td><td><b>Condition</b></td><td><b>Rank</b></td></tr><tr><td style=\"display: none\">*</td><td><a href=\"Condition/f422e53e-82a5-4798-8845-1902b0330ddc\">Condition/f422e53e-82a5-4798-8845-1902b0330ddc</a></td><td>1</td></tr></table></div>"
  },
  "extension" : [{
    "url" : "https://interoperabilidad.minsal.cl/fhir/ig/tei/StructureDefinition/ExtensionConsecuenciaAtencionCodigo",
    "valueCodeableConcept" : {
      "coding" : [{
        "system" : "https://interoperabilidad.minsal.cl/fhir/ig/tei/CodeSystem/CSConsecuenciaAtencionCodigo",
        "code" : "3",
        "display" : "Derivación"
      }]
    }
  }],
  "identifier" : [{
    "use" : "official",
    "value" : "13696133"
  }],
  "status" : "finished",
  "class" : {
    "system" : "https://interoperabilidad.minsal.cl/fhir/ig/tei/CodeSystem/CSModalidadAtencionCodigo",
    "code" : "1",
    "display" : "Presencial"
  },
  "subject" : {
    "reference" : "Patient/07216d5b-1662-46ac-a041-20a40f2b3881"
  },
  "participant" : [{
    "individual" : {
      "reference" : "PractitionerRole/71c67974-99f2-4537-8956-4391865cba48"
    }
  }],
  "period" : {
    "start" : "2025-07-24T10:19:44-04:00",
    "end" : "2025-07-24T10:21:53-04:00"
  },
  "diagnosis" : [{
    "condition" : {
      "reference" : "Condition/f422e53e-82a5-4798-8845-1902b0330ddc"
    },
    "rank" : 1
  }]
}