{
  "resourceType" : "Observation",
  "id" : "a06a9b26-9d06-43d2-9606-2a6ae4a23207",
  "meta" : {
    "profile" : ["https://interoperabilidad.minsal.cl/fhir/ig/tei/StructureDefinition/ObservationDiscapacidadLE"]
  },
  "text" : {
    "status" : "generated",
    "div" : "<div xmlns=\"http://www.w3.org/1999/xhtml\"><p class=\"res-header-id\"><b>Generated Narrative: Observation a06a9b26-9d06-43d2-9606-2a6ae4a23207</b></p><a name=\"a06a9b26-9d06-43d2-9606-2a6ae4a23207\"> </a><a name=\"hca06a9b26-9d06-43d2-9606-2a6ae4a23207\"> </a><div style=\"display: inline-block; background-color: #d9e0e7; padding: 6px; margin: 4px; border: 1px solid #8da1b4; border-radius: 5px; line-height: 60%\"><p style=\"margin-bottom: 0px\"/><p style=\"margin-bottom: 0px\">Profile: <a href=\"https://interoperabilidad.minsal.cl/fhir/ig/tei/0.2.1/StructureDefinition-ObservationDiscapacidadLE.html\">Discapacidad LE</a></p></div><p><b>status</b>: Final</p><p><b>code</b>: <span title=\"Codes:{http://loinc.org 101720-1}\">Discapacidad</span></p><p><b>subject</b>: <a href=\"Bundle-BundleEnriquecidoEjemplo.html#Patient_EjemploPatientLE\">Bundle: type = message; timestamp = 2025-07-24 10:21:55-0400</a></p><p><b>value</b>: true</p></div>"
  },
  "status" : "final",
  "code" : {
    "coding" : [{
      "system" : "http://loinc.org",
      "code" : "101720-1",
      "display" : "Disability status"
    }],
    "text" : "Discapacidad"
  },
  "subject" : {
    "reference" : "Patient/EjemploPatientLE"
  },
  "valueBoolean" : true
}