{
  "package": "fhir.tei-aps-secundario",
  "version": "0.1.0",
  "fhirVersion": "4.0.1",
  "extensions": [
    {
      "url": "https://interoperabilidad.minsal.cl/fhir/ig/tei-aps-secundario/StructureDefinition/ExtensionBoolPrais",
      "title": "ExtBool Prais",
      "types": [
        "boolean"
      ]
    },
    {
      "url": "https://interoperabilidad.minsal.cl/fhir/ig/tei-aps-secundario/StructureDefinition/ExtensionCodeableConceptTipoProfesionalDestino",
      "title": "TipoProfesionalDestino",
      "types": [
        "CodeableConcept"
      ]
    }
  ],
  "profiles": {
    "Bundle": [
      {
        "url": "https://interoperabilidad.minsal.cl/fhir/ig/tei-aps-secundario/StructureDefinition/BundleCollection",
        "title": "Bundle Collection"
      },
      {
        "url": "https://interoperabilidad.minsal.cl/fhir/ig/tei-aps-secundario/StructureDefinition/BundleEnriquecido",
        "title": "Bundle Enriquecido"
      }
    ],
    "MessageHeader": [
      {
        "url": "https://interoperabilidad.minsal.cl/fhir/ig/tei-aps-secundario/StructureDefinition/MessageHeaderTEI",
        "title": "MessageHeaderTEI"
      }
    ],
    "Coverage": [
      {
        "url": "https://interoperabilidad.minsal.cl/fhir/ig/tei-aps-secundario/StructureDefinition/Prevision",
        "title": "Prevision"
      }
    ]
  },
  "usage": {
    "http://hl7.org/fhir/StructureDefinition/elementdefinition-bestpractice": [
      "StructureDefinition.snapshot.element.constraint"
    ],
    "http://hl7.org/fhir/StructureDefinition/elementdefinition-bestpractice-explanation": [
      "StructureDefinition.snapshot.element.constraint"
    ],
    "http://hl7.org/fhir/StructureDefinition/elementdefinition-bindingName": [
      "StructureDefinition.snapshot.element.binding"
    ],
    "http://hl7.org/fhir/StructureDefinition/elementdefinition-maxValueSet": [
      "StructureDefinition.snapshot.element.binding"
    ],
    "http://hl7.org/fhir/StructureDefinition/elementdefinition-translatable": [
      "StructureDefinition.snapshot.element"
    ],
    "http://hl7.org/fhir/StructureDefinition/structuredefinition-fhir-type": [
      "StructureDefinition.snapshot.element.type"
    ],
    "http://hl7.org/fhir/tools/StructureDefinition/ig-internal-dependency": [
      "ImplementationGuide.definition"
    ],
    "http://hl7.org/fhir/tools/StructureDefinition/ig-page-name": [
      "ImplementationGuide.definition.page",
      "ImplementationGuide.definition.page.page"
    ],
    "http://hl7.org/fhir/tools/StructureDefinition/ig-parameter": [
      "ImplementationGuide.definition"
    ],
    "http://hl7.org/fhir/tools/StructureDefinition/implementationguide-dependency-comment": [
      "ImplementationGuide.dependsOn"
    ],
    "http://hl7.org/fhir/tools/StructureDefinition/resource-information": [
      "ImplementationGuide.definition.resource"
    ],
    "http://hl7.org/fhir/tools/StructureDefinition/snapshot-base-version": [
      "StructureDefinition.snapshot"
    ],
    "https://hl7chile.cl/fhir/ig/clcore/StructureDefinition/CodigoPaises": [
      "Bundle.entry.resource",
      "Bundle.entry.resource.address.country",
      "Bundle.entry.resource.entry.resource",
      "Bundle.entry.resource.entry.resource.address.country",
      "Bundle.entry.resource.entry.resource.identifier.type",
      "Bundle.entry.resource.identifier.type"
    ],
    "https://hl7chile.cl/fhir/ig/clcore/StructureDefinition/ComunasCl": [
      "Bundle.entry.resource.address.city",
      "Bundle.entry.resource.entry.resource.address.city"
    ],
    "https://hl7chile.cl/fhir/ig/clcore/StructureDefinition/IdentidadDeGenero": [
      "Bundle.entry.resource",
      "Bundle.entry.resource.entry.resource"
    ],
    "https://hl7chile.cl/fhir/ig/clcore/StructureDefinition/ProvinciasCl": [
      "Bundle.entry.resource.address.district",
      "Bundle.entry.resource.entry.resource.address.district"
    ],
    "https://hl7chile.cl/fhir/ig/clcore/StructureDefinition/RegionesCl": [
      "Bundle.entry.resource.address.state",
      "Bundle.entry.resource.entry.resource.address.state"
    ],
    "https://hl7chile.cl/fhir/ig/clcore/StructureDefinition/SegundoApellido": [
      "Bundle.entry.resource.entry.resource.name.family",
      "Bundle.entry.resource.name.family"
    ],
    "https://interoperabilidad.minsal.cl/fhir/ig/tei-aps-secundario/StructureDefinition/ExtensionBoolPrais": [
      "Coverage"
    ],
    "https://interoperabilidad.minsal.cl/fhir/ig/tei-aps-secundario/StructureDefinition/ExtensionCodeableConceptTipoProfesionalDestino": [
      "PractitionerRole"
    ],
    "https://interoperabilidad.minsal.cl/fhir/ig/tei/StructureDefinition/ExtensionBoolRequiereExamen": [
      "Bundle.entry.resource",
      "Bundle.entry.resource.entry.resource"
    ],
    "https://interoperabilidad.minsal.cl/fhir/ig/tei/StructureDefinition/ExtensionBoolResolutividadAPS": [
      "Bundle.entry.resource",
      "Bundle.entry.resource.entry.resource"
    ],
    "https://interoperabilidad.minsal.cl/fhir/ig/tei/StructureDefinition/ExtensionConsecuenciaAtencionCodigo": [
      "Bundle.entry.resource",
      "Bundle.entry.resource.entry.resource",
      "Encounter"
    ],
    "https://interoperabilidad.minsal.cl/fhir/ig/tei/StructureDefinition/ExtensionEspecialidadMedicaDestinoCodigo": [
      "Bundle.entry.resource",
      "Bundle.entry.resource.entry.resource"
    ],
    "https://interoperabilidad.minsal.cl/fhir/ig/tei/StructureDefinition/ExtensionEstadoInterconsultaCodigoLE": [
      "Bundle.entry.resource",
      "Bundle.entry.resource.entry.resource",
      "ServiceRequest"
    ],
    "https://interoperabilidad.minsal.cl/fhir/ig/tei/StructureDefinition/ExtensionOrigenInterconsulta": [
      "Bundle.entry.resource",
      "Bundle.entry.resource.entry.resource"
    ],
    "https://interoperabilidad.minsal.cl/fhir/ig/tei/StructureDefinition/ExtensionPertinenciaInterconsulta": [
      "Bundle.entry.resource",
      "Bundle.entry.resource.entry.resource"
    ],
    "https://interoperabilidad.minsal.cl/fhir/ig/tei/StructureDefinition/ExtensionSubEspecialidadMedicaDestinoCodigo": [
      "Bundle.entry.resource",
      "Bundle.entry.resource.entry.resource"
    ],
    "https://interoperabilidad.minsal.cl/fhir/ig/tei/StructureDefinition/PaisOrigenMPI": [
      "Bundle.entry.resource",
      "Bundle.entry.resource.entry.resource"
    ],
    "https://interoperabilidad.minsal.cl/fhir/ig/tei/StructureDefinition/PueblosAfrodescendiente": [
      "Bundle.entry.resource",
      "Bundle.entry.resource.entry.resource"
    ],
    "https://interoperabilidad.minsal.cl/fhir/ig/tei/StructureDefinition/PueblosOriginarios": [
      "Bundle.entry.resource",
      "Bundle.entry.resource.entry.resource"
    ],
    "https://interoperabilidad.minsal.cl/fhir/ig/tei/StructureDefinition/PueblosOriginariosPerteneciente": [
      "Bundle.entry.resource",
      "Bundle.entry.resource.entry.resource"
    ]
  }
}