{
  "resourceType" : "ValueSet",
  "id" : "VSTipoEventoTEI",
  "text" : {
    "status" : "generated",
    "div" : "<div xmlns=\"http://www.w3.org/1999/xhtml\"><p class=\"res-header-id\"><b>Generated Narrative: ValueSet VSTipoEventoTEI</b></p><a name=\"VSTipoEventoTEI\"> </a><a name=\"hcVSTipoEventoTEI\"> </a><ul><li>Include all codes defined in <a href=\"CodeSystem-CSTipoEventoTEI.html\"><code>https://interoperabilidad.minsal.cl/fhir/ig/tei-aps-secundario/CodeSystem/CSTipoEventoTEI</code></a></li></ul></div>"
  },
  "url" : "https://interoperabilidad.minsal.cl/fhir/ig/tei-aps-secundario/ValueSet/VSTipoEventoTEI",
  "version" : "0.1.0",
  "name" : "VSTipoEventoTEI",
  "title" : "Tipo de Evento",
  "status" : "draft",
  "experimental" : false,
  "date" : "2025-10-07T23:46:48-03:00",
  "publisher" : "CENS",
  "contact" : [{
    "name" : "CENS",
    "telecom" : [{
      "system" : "url",
      "value" : "https://www.cens.cl"
    }]
  }],
  "description" : "Tipo de evento en APS-Secundario",
  "compose" : {
    "include" : [{
      "system" : "https://interoperabilidad.minsal.cl/fhir/ig/tei-aps-secundario/CodeSystem/CSTipoEventoTEI"
    }]
  }
}