{
  "codeSystems" : [
    {
      "url" : "http://hl7.org/fhir/ValueSet/fm-status",
      "version" : "4.0.1",
      "status" : "draft",
      "name" : "FinancialResourceStatusCodes",
      "title" : "Financial Resource Status Codes",
      "description" : "This value set includes Status codes.",
      "systems" : ["http://hl7.org/fhir/fm-status"],
      "oids" : ["2.16.840.1.113883.4.642.3.592"],
      "sources" : ["2.16.840.1.113883.4.642.3.592"],
      "uses" : {
      },
      "StructureDefinition-Prevision.html" : "Prevision"
    },
    {
      "url" : "https://interoperabilidad.minsal.cl/fhir/ig/tei-aps-secundario/ValueSet/VSPrevision",
      "version" : "0.1.0",
      "status" : "active",
      "name" : "VSPrevision",
      "title" : "VS Prevision",
      "description" : "Previsión del paciente",
      "systems" : [
        "https://interoperabilidad.minsal.cl/fhir/ig/tei-aps-secundario/CodeSystem/CSPrevision"
      ],
      "uses" : {
      },
      "StructureDefinition-Prevision.html" : "Prevision"
    },
    {
      "url" : "https://interoperabilidad.minsal.cl/fhir/ig/tei-aps-secundario/ValueSet/VSTipoEventoTEI",
      "version" : "0.1.0",
      "status" : "draft",
      "name" : "VSTipoEventoTEI",
      "title" : "Tipo de Evento",
      "description" : "Tipo de evento en APS-Secundario",
      "systems" : [
        "https://interoperabilidad.minsal.cl/fhir/ig/tei-aps-secundario/CodeSystem/CSTipoEventoTEI"
      ],
      "uses" : {
      },
      "StructureDefinition-MessageHeaderTEI.html" : "MessageHeaderTEI"
    },
    {
      "url" : "https://interoperabilidad.minsal.cl/fhir/ig/tei/ValueSet/VSTituloProfesional",
      "version" : "0.2.1",
      "status" : "active",
      "name" : "VSTituloProfesional",
      "title" : "TituloProfesional",
      "description" : "TituloProfesional",
      "systems" : [
        "https://interoperabilidad.minsal.cl/fhir/ig/tei/CodeSystem/CSTituloProfesional"
      ],
      "uses" : {
      },
      "StructureDefinition-ExtensionCodeableConceptTipoProfesionalDestino.html" : "TipoProfesionalDestino"
    }
  ]
}
