{
  "codeSystems" : [
    {
      "url" : "http://hl7.org/fhir/ValueSet/bundle-type",
      "version" : "4.0.1",
      "status" : "active",
      "name" : "BundleType",
      "title" : "BundleType",
      "description" : "Indicates the purpose of a bundle - how it is intended to be used.",
      "systems" : ["http://hl7.org/fhir/bundle-type"],
      "oids" : ["2.16.840.1.113883.4.642.3.620"],
      "sources" : ["2.16.840.1.113883.4.642.3.620"],
      "uses" : {
      },
      "StructureDefinition-BundleCollection.html" : "Bundle Collection",
      "StructureDefinition-BundleEnriquecido.html" : "Bundle Enriquecido"
    },
    {
      "url" : "http://hl7.org/fhir/ValueSet/common-tags",
      "version" : "4.0.1",
      "status" : "draft",
      "name" : "CommonTags",
      "title" : "Common Tags",
      "description" : "Common Tag Codes defined by FHIR project",
      "systems" : ["http://terminology.hl7.org/CodeSystem/common-tags"],
      "oids" : ["2.16.840.1.113883.4.642.3.79"],
      "sources" : ["2.16.840.1.113883.4.642.3.79"],
      "uses" : {
      },
      "StructureDefinition-MessageHeaderTEI.html" : "MessageHeaderTEI"
    },
    {
      "url" : "http://hl7.org/fhir/ValueSet/coverage-class",
      "version" : "4.0.1",
      "status" : "draft",
      "name" : "CoverageClassCodes",
      "title" : "Coverage Class Codes",
      "description" : "This value set includes Coverage Class codes.",
      "systems" : ["http://terminology.hl7.org/CodeSystem/coverage-class"],
      "oids" : ["2.16.840.1.113883.4.642.3.1009"],
      "sources" : ["2.16.840.1.113883.4.642.3.1009"],
      "uses" : {
      },
      "StructureDefinition-Prevision.html" : "Prevision"
    },
    {
      "url" : "http://hl7.org/fhir/ValueSet/coverage-copay-type",
      "version" : "4.0.1",
      "status" : "draft",
      "name" : "CoverageCopayTypeCodes",
      "title" : "Coverage Copay Type Codes",
      "description" : "This value set includes sample Coverage Copayment Type codes.",
      "systems" : ["http://terminology.hl7.org/CodeSystem/coverage-copay-type"],
      "oids" : ["2.16.840.1.113883.4.642.3.527"],
      "sources" : ["2.16.840.1.113883.4.642.3.527"],
      "uses" : {
      },
      "StructureDefinition-Prevision.html" : "Prevision"
    },
    {
      "url" : "http://hl7.org/fhir/ValueSet/coverage-financial-exception",
      "version" : "4.0.1",
      "status" : "draft",
      "name" : "ExampleCoverageFinancialExceptionCodes",
      "title" : "Example Coverage Financial Exception Codes",
      "description" : "This value set includes Example Coverage Financial Exception Codes.",
      "systems" : [
        "http://terminology.hl7.org/CodeSystem/ex-coverage-financial-exception"
      ],
      "oids" : ["2.16.840.1.113883.4.642.3.1328"],
      "sources" : ["2.16.840.1.113883.4.642.3.1328"],
      "uses" : {
      },
      "StructureDefinition-Prevision.html" : "Prevision"
    },
    {
      "url" : "http://hl7.org/fhir/ValueSet/fm-status",
      "version" : "4.0.1",
      "status" : "draft",
      "name" : "FinancialResourceStatusCodes",
      "title" : "Financial Resource Status Codes",
      "description" : "This value set includes Status codes.",
      "systems" : ["http://hl7.org/fhir/fm-status"],
      "oids" : ["2.16.840.1.113883.4.642.3.592"],
      "sources" : ["2.16.840.1.113883.4.642.3.592"],
      "uses" : {
      },
      "StructureDefinition-Prevision.html" : "Prevision"
    },
    {
      "url" : "http://hl7.org/fhir/ValueSet/http-verb",
      "version" : "4.0.1",
      "status" : "active",
      "name" : "HTTPVerb",
      "title" : "HTTPVerb",
      "description" : "HTTP verbs (in the HTTP command line). See [HTTP rfc](https://tools.ietf.org/html/rfc7231) for details.",
      "systems" : ["http://hl7.org/fhir/http-verb"],
      "oids" : ["2.16.840.1.113883.4.642.3.624"],
      "sources" : ["2.16.840.1.113883.4.642.3.624"],
      "uses" : {
      },
      "StructureDefinition-BundleCollection.html" : "Bundle Collection",
      "StructureDefinition-BundleEnriquecido.html" : "Bundle Enriquecido"
    },
    {
      "url" : "http://hl7.org/fhir/ValueSet/languages",
      "version" : "4.0.1",
      "status" : "draft",
      "name" : "CommonLanguages",
      "title" : "Common Languages",
      "description" : "This value set includes common codes from BCP-47 (http://tools.ietf.org/html/bcp47)",
      "systems" : ["urn:ietf:bcp:47"],
      "oids" : ["2.16.840.1.113883.4.642.3.20"],
      "sources" : ["2.16.840.1.113883.4.642.3.20"],
      "uses" : {
      },
      "StructureDefinition-BundleCollection.html" : "Bundle Collection",
      "StructureDefinition-Prevision.html" : "Prevision",
      "StructureDefinition-BundleEnriquecido.html" : "Bundle Enriquecido",
      "StructureDefinition-MessageHeaderTEI.html" : "MessageHeaderTEI"
    },
    {
      "url" : "http://hl7.org/fhir/ValueSet/message-events",
      "version" : "4.0.1",
      "status" : "active",
      "name" : "MessageEvent",
      "title" : "MessageEvent",
      "description" : "One of the message events defined as part of this version of FHIR.",
      "systems" : ["http://hl7.org/fhir/message-events"],
      "oids" : ["2.16.840.1.113883.4.642.3.26"],
      "sources" : ["2.16.840.1.113883.4.642.3.26"],
      "uses" : {
      },
      "StructureDefinition-MessageHeaderTEI.html" : "MessageHeaderTEI"
    },
    {
      "url" : "http://hl7.org/fhir/ValueSet/message-reason-encounter",
      "version" : "4.0.1",
      "status" : "draft",
      "name" : "ExampleMessageReasonCodes",
      "title" : "Example Message Reason Codes",
      "description" : "Example Message Reasons. These are the set of codes that might be used an updating an encounter using admin-update.",
      "systems" : [
        "http://terminology.hl7.org/CodeSystem/message-reasons-encounter"
      ],
      "oids" : ["2.16.840.1.113883.4.642.3.378"],
      "sources" : ["2.16.840.1.113883.4.642.3.378"],
      "uses" : {
      },
      "StructureDefinition-MessageHeaderTEI.html" : "MessageHeaderTEI"
    },
    {
      "url" : "http://hl7.org/fhir/ValueSet/resource-types",
      "version" : "4.0.1",
      "status" : "active",
      "name" : "ResourceType",
      "title" : "ResourceType",
      "description" : "One of the resource types defined as part of this version of FHIR.",
      "systems" : ["http://hl7.org/fhir/resource-types"],
      "oids" : ["2.16.840.1.113883.4.642.3.27"],
      "sources" : ["2.16.840.1.113883.4.642.3.27"],
      "uses" : {
      },
      "StructureDefinition-Prevision.html" : "Prevision"
    },
    {
      "url" : "http://hl7.org/fhir/ValueSet/response-code",
      "version" : "4.0.1",
      "status" : "draft",
      "name" : "ResponseType",
      "title" : "ResponseType",
      "description" : "The kind of response to a message.",
      "systems" : ["http://hl7.org/fhir/response-code"],
      "oids" : ["2.16.840.1.113883.4.642.3.380"],
      "sources" : ["2.16.840.1.113883.4.642.3.380"],
      "uses" : {
      },
      "StructureDefinition-MessageHeaderTEI.html" : "MessageHeaderTEI"
    },
    {
      "url" : "http://hl7.org/fhir/ValueSet/search-entry-mode",
      "version" : "4.0.1",
      "status" : "active",
      "name" : "SearchEntryMode",
      "title" : "SearchEntryMode",
      "description" : "Why an entry is in the result set - whether it's included as a match or because of an _include requirement, or to convey information or warning information about the search process.",
      "systems" : ["http://hl7.org/fhir/search-entry-mode"],
      "oids" : ["2.16.840.1.113883.4.642.3.622"],
      "sources" : ["2.16.840.1.113883.4.642.3.622"],
      "uses" : {
      },
      "StructureDefinition-BundleCollection.html" : "Bundle Collection",
      "StructureDefinition-BundleEnriquecido.html" : "Bundle Enriquecido"
    },
    {
      "url" : "http://hl7.org/fhir/ValueSet/security-labels",
      "version" : "4.0.1",
      "status" : "active",
      "name" : "All Security Labels",
      "title" : "SecurityLabels",
      "description" : "A single value set for all security labels defined by FHIR.",
      "systems" : [
        "http://terminology.hl7.org/CodeSystem/v3-ActReason",
        "http://terminology.hl7.org/CodeSystem/v3-ActUSPrivacyLaw",
        "http://terminology.hl7.org/CodeSystem/v3-ObservationValue",
        "http://terminology.hl7.org/CodeSystem/v3-ActCode",
        "http://terminology.hl7.org/CodeSystem/v3-Confidentiality"
      ],
      "oids" : ["2.16.840.1.113883.4.642.3.47"],
      "sources" : ["2.16.840.1.113883.4.642.3.47"],
      "uses" : {
      },
      "StructureDefinition-MessageHeaderTEI.html" : "MessageHeaderTEI"
    },
    {
      "url" : "http://hl7.org/fhir/ValueSet/subscriber-relationship",
      "version" : "4.0.1",
      "status" : "draft",
      "name" : "SubscriberRelationshipCodes",
      "title" : "SubscriberPolicyholder Relationship Codes",
      "description" : "This value set includes codes for the relationship between the Subscriber and the Beneficiary (insured/covered party/patient).",
      "systems" : [
        "http://terminology.hl7.org/CodeSystem/subscriber-relationship"
      ],
      "oids" : ["2.16.840.1.113883.4.642.3.1385"],
      "sources" : ["2.16.840.1.113883.4.642.3.1385"],
      "uses" : {
      },
      "StructureDefinition-Prevision.html" : "Prevision"
    },
    {
      "url" : "https://interoperabilidad.minsal.cl/fhir/ig/tei-aps-secundario/ValueSet/VSPrevision",
      "version" : "0.1.0",
      "status" : "active",
      "name" : "VSPrevision",
      "title" : "VS Prevision",
      "description" : "Previsión del paciente",
      "systems" : [
        "https://interoperabilidad.minsal.cl/fhir/ig/tei-aps-secundario/CodeSystem/CSPrevision"
      ],
      "uses" : {
      },
      "StructureDefinition-Prevision.html" : "Prevision"
    },
    {
      "url" : "https://interoperabilidad.minsal.cl/fhir/ig/tei-aps-secundario/ValueSet/VSTipoEventoTEI",
      "version" : "0.1.0",
      "status" : "draft",
      "name" : "VSTipoEventoTEI",
      "title" : "Tipo de Evento",
      "description" : "Tipo de evento en APS-Secundario",
      "systems" : [
        "https://interoperabilidad.minsal.cl/fhir/ig/tei-aps-secundario/CodeSystem/CSTipoEventoTEI"
      ],
      "uses" : {
      },
      "StructureDefinition-MessageHeaderTEI.html" : "MessageHeaderTEI"
    },
    {
      "url" : "https://interoperabilidad.minsal.cl/fhir/ig/tei/ValueSet/VSTituloProfesional",
      "version" : "0.2.1",
      "status" : "active",
      "name" : "VSTituloProfesional",
      "title" : "TituloProfesional",
      "description" : "TituloProfesional",
      "systems" : [
        "https://interoperabilidad.minsal.cl/fhir/ig/tei/CodeSystem/CSTituloProfesional"
      ],
      "uses" : {
      },
      "StructureDefinition-ExtensionCodeableConceptTipoProfesionalDestino.html" : "TipoProfesionalDestino"
    }
  ]
}
