{
  "resourceType" : "ValueSet",
  "id" : "VSPrevision",
  "text" : {
    "status" : "generated",
    "div" : "<div xmlns=\"http://www.w3.org/1999/xhtml\"><p class=\"res-header-id\"><b>Generated Narrative: ValueSet VSPrevision</b></p><a name=\"VSPrevision\"> </a><a name=\"hcVSPrevision\"> </a><ul><li>Include all codes defined in <a href=\"CodeSystem-CSPrevision.html\"><code>https://interoperabilidad.minsal.cl/fhir/ig/tei-aps-secundario/CodeSystem/CSPrevision</code></a></li></ul></div>"
  },
  "url" : "https://interoperabilidad.minsal.cl/fhir/ig/tei-aps-secundario/ValueSet/VSPrevision",
  "version" : "0.1.0",
  "name" : "VSPrevision",
  "title" : "VS Prevision",
  "status" : "active",
  "experimental" : false,
  "date" : "2025-10-07T23:46:48-03:00",
  "publisher" : "CENS",
  "contact" : [{
    "name" : "CENS",
    "telecom" : [{
      "system" : "url",
      "value" : "https://www.cens.cl"
    }]
  }],
  "description" : "Previsión del paciente",
  "compose" : {
    "include" : [{
      "system" : "https://interoperabilidad.minsal.cl/fhir/ig/tei-aps-secundario/CodeSystem/CSPrevision"
    }]
  }
}