{
  "resourceType" : "Bundle",
  "id" : "bundle-collection-001",
  "meta" : {
    "profile" : ["https://interoperabilidad.minsal.cl/fhir/ig/tei-aps-secundario/StructureDefinition/BundleCollection"]
  },
  "type" : "collection",
  "timestamp" : "2025-09-12T16:00:00-03:00",
  "entry" : [{
    "fullUrl" : "Bundle/bundle-iniciar-001",
    "resource" : {
      "resourceType" : "Bundle",
      "id" : "BundleIniciarEjemplo",
      "meta" : {
        "profile" : ["https://interoperabilidad.minsal.cl/fhir/ig/tei/StructureDefinition/BundleIniciarLE"]
      },
      "type" : "message",
      "timestamp" : "2024-01-17T16:00:00-03:00",
      "entry" : [{
        "fullUrl" : "http://interoperabilidad.minsal.cl/fhir/ig/tei/MessageHeader/MesssageHeaderIniciar",
        "resource" : {
          "resourceType" : "MessageHeader",
          "id" : "MesssageHeaderIniciar",
          "meta" : {
            "lastUpdated" : "2024-01-17T16:00:00-03:00",
            "profile" : ["https://interoperabilidad.minsal.cl/fhir/ig/tei/StructureDefinition/MessageHeaderLE"]
          },
          "eventCoding" : {
            "system" : "https://interoperabilidad.minsal.cl/fhir/ig/tei/CodeSystem/CSTipoEventoLE",
            "code" : "iniciar"
          },
          "author" : {
            "reference" : "PractitionerRole/PractitionerRoleIniciador"
          },
          "source" : {
            "software" : "SISMaule",
            "endpoint" : "llp:10.11.12.13:5432"
          },
          "focus" : [{
            "reference" : "ServiceRequest/SolicitudInterconsultaEjemplo1"
          }]
        }
      },
      {
        "fullUrl" : "http://interoperabilidad.minsal.cl/fhir/ig/tei/ServiceRequest/SolicitudInterconsultaEjemplo1",
        "resource" : {
          "resourceType" : "ServiceRequest",
          "id" : "SolicitudInterconsultaEjemplo1",
          "meta" : {
            "profile" : ["https://interoperabilidad.minsal.cl/fhir/ig/tei/StructureDefinition/ServiceRequestLE"]
          },
          "extension" : [{
            "url" : "https://interoperabilidad.minsal.cl/fhir/ig/tei/StructureDefinition/ExtensionBoolRequiereExamen",
            "valueBoolean" : true
          },
          {
            "url" : "https://interoperabilidad.minsal.cl/fhir/ig/tei/StructureDefinition/ExtensionBoolResolutividadAPS",
            "valueBoolean" : true
          },
          {
            "url" : "https://interoperabilidad.minsal.cl/fhir/ig/tei/StructureDefinition/ExtensionOrigenInterconsulta",
            "valueCodeableConcept" : {
              "coding" : [{
                "system" : "https://interoperabilidad.minsal.cl/fhir/ig/tei/CodeSystem/CSorigenInterconsulta",
                "code" : "1",
                "display" : "APS"
              }]
            }
          },
          {
            "url" : "https://interoperabilidad.minsal.cl/fhir/ig/tei/StructureDefinition/ExtensionEstadoInterconsultaCodigoLE",
            "valueCodeableConcept" : {
              "coding" : [{
                "system" : "https://interoperabilidad.minsal.cl/fhir/ig/tei/CodeSystem/CSEstadoInterconsulta",
                "code" : "1",
                "display" : "A la espera de referencia"
              }]
            }
          },
          {
            "url" : "https://interoperabilidad.minsal.cl/fhir/ig/tei/StructureDefinition/ExtensionEspecialidadMedicaDestinoCodigo",
            "valueCodeableConcept" : {
              "coding" : [{
                "system" : "https://interoperabilidad.minsal.cl/fhir/ig/tei/CodeSystem/CSEspecialidadMed",
                "code" : "30",
                "display" : "MEDICINA INTERNA"
              }]
            }
          },
          {
            "url" : "https://interoperabilidad.minsal.cl/fhir/ig/tei/StructureDefinition/ExtensionSubEspecialidadMedicaDestinoCodigo",
            "valueCodeableConcept" : {
              "coding" : [{
                "system" : "https://interoperabilidad.minsal.cl/fhir/ig/tei/CodeSystem/CSEspecialidadMed",
                "code" : "14",
                "display" : "ENDOCRINOLOGÍA ADULTO"
              }]
            }
          }],
          "identifier" : [{
            "value" : "123"
          }],
          "status" : "draft",
          "intent" : "order",
          "category" : [{
            "coding" : [{
              "system" : "https://interoperabilidad.minsal.cl/fhir/ig/tei/CodeSystem/CSModalidadAtencionCodigo",
              "code" : "1",
              "display" : "Presencial"
            }]
          }],
          "priority" : "routine",
          "code" : {
            "coding" : [{
              "system" : "http://snomed.info/sct",
              "code" : "103696004"
            }],
            "text" : "Interconsulta para atención presencial"
          },
          "subject" : {
            "reference" : "Patient/EjemploPatientLE"
          },
          "encounter" : {
            "reference" : "Encounter/EncounterIniciarEjemplo"
          },
          "authoredOn" : "2024-12-10T09:00:00Z",
          "requester" : {
            "reference" : "PractitionerRole/PractitionerRoleIniciador"
          },
          "locationCode" : [{
            "coding" : [{
              "system" : "https://interoperabilidad.minsal.cl/fhir/ig/tei/CodeSystem/CSDestinoReferenciaCodigo",
              "code" : "1",
              "display" : "Nivel Secundario"
            }]
          }],
          "reasonCode" : [{
            "coding" : [{
              "system" : "https://interoperabilidad.minsal.cl/fhir/ig/tei/CodeSystem/CSDerivadoParaCodigo",
              "code" : "1",
              "display" : "Confirmación"
            }]
          }],
          "supportingInfo" : [{
            "reference" : "Condition/ConditionInicialEjemplo"
          },
          {
            "reference" : "AllergyIntolerance/AllergyIntoleranceExample"
          },
          {
            "reference" : "Observation/IndiceConmorbilidadEjemplo"
          },
          {
            "reference" : "Observation/EjemploObservationCuidador"
          },
          {
            "reference" : "Observation/EjemploObservationDiscapacidadLE"
          },
          {
            "reference" : "QuestionnaireResponse/MotivoDerivacionEjemplo"
          },
          {
            "reference" : "ServiceRequest/SolicitudExamenEjemplo"
          },
          {
            "reference" : "Observation/AnticuerpoAdrenal"
          }]
        }
      },
      {
        "fullUrl" : "http://interoperabilidad.minsal.cl/fhir/ig/tei/Encounter/EncounterIniciarEjemplo",
        "resource" : {
          "resourceType" : "Encounter",
          "id" : "EncounterIniciarEjemplo",
          "meta" : {
            "profile" : ["https://interoperabilidad.minsal.cl/fhir/ig/tei/StructureDefinition/EncounterIniciarLE"]
          },
          "extension" : [{
            "url" : "https://interoperabilidad.minsal.cl/fhir/ig/tei/StructureDefinition/ExtensionConsecuenciaAtencionCodigo",
            "valueCodeableConcept" : {
              "coding" : [{
                "system" : "https://interoperabilidad.minsal.cl/fhir/ig/tei/CodeSystem/CSConsecuenciaAtencionCodigo",
                "code" : "3",
                "display" : "Derivación"
              }]
            }
          }],
          "identifier" : [{
            "use" : "official",
            "system" : "http://example.org/sampleencounter-identifier",
            "value" : "123"
          }],
          "status" : "finished",
          "class" : {
            "system" : "https://interoperabilidad.minsal.cl/fhir/ig/tei/CodeSystem/CSModalidadAtencionCodigo",
            "code" : "1",
            "display" : "Presencial"
          },
          "subject" : {
            "reference" : "Patient/EjemploPatientLE"
          },
          "participant" : [{
            "individual" : {
              "reference" : "PractitionerRole/PractitionerRoleIniciador"
            }
          }],
          "period" : {
            "start" : "2024-01-17T16:00:00+10:00",
            "end" : "2024-01-17T16:30:00+10:00"
          },
          "diagnosis" : [{
            "condition" : {
              "reference" : "Condition/ConditionInicialEjemplo"
            },
            "rank" : 1
          }]
        }
      },
      {
        "fullUrl" : "http://interoperabilidad.minsal.cl/fhir/ig/tei/Patient/EjemploPatientLE",
        "resource" : {
          "resourceType" : "Patient",
          "id" : "EjemploPatientLE",
          "meta" : {
            "profile" : ["https://interoperabilidad.minsal.cl/fhir/ig/tei/StructureDefinition/PatientLE"]
          },
          "extension" : [{
            "url" : "https://hl7chile.cl/fhir/ig/clcore/StructureDefinition/IdentidadDeGenero",
            "valueCodeableConcept" : {
              "coding" : [{
                "system" : "https://hl7chile.cl/fhir/ig/clcore/CodeSystem/CSIdentidaddeGenero",
                "code" : "2",
                "display" : "Femenina"
              }]
            }
          },
          {
            "url" : "https://hl7chile.cl/fhir/ig/clcore/StructureDefinition/CodigoPaises",
            "valueCodeableConcept" : {
              "coding" : [{
                "system" : "https://hl7chile.cl/fhir/ig/clcore/CodeSystem/CodPais",
                "code" : "152",
                "display" : "Chile"
              }]
            }
          },
          {
            "url" : "https://interoperabilidad.minsal.cl/fhir/ig/tei/StructureDefinition/PaisOrigenMPI",
            "valueCodeableConcept" : {
              "coding" : [{
                "system" : "https://hl7chile.cl/fhir/ig/clcore/CodeSystem/CodPais",
                "code" : "152",
                "display" : "Chile"
              }]
            }
          },
          {
            "url" : "https://interoperabilidad.minsal.cl/fhir/ig/tei/StructureDefinition/PueblosOriginariosPerteneciente",
            "valueBoolean" : true
          },
          {
            "url" : "https://interoperabilidad.minsal.cl/fhir/ig/tei/StructureDefinition/PueblosAfrodescendiente",
            "valueBoolean" : false
          },
          {
            "url" : "https://interoperabilidad.minsal.cl/fhir/ig/tei/StructureDefinition/PueblosOriginarios",
            "valueCodeableConcept" : {
              "coding" : [{
                "system" : "https://interoperabilidad.minsal.cl/fhir/ig/tei/CodeSystem/PueblosOriginariosCS",
                "code" : "07",
                "display" : "Diaguita"
              }]
            }
          }],
          "identifier" : [{
            "use" : "official",
            "type" : {
              "extension" : [{
                "url" : "https://hl7chile.cl/fhir/ig/clcore/StructureDefinition/CodigoPaises",
                "valueCodeableConcept" : {
                  "coding" : [{
                    "system" : "https://hl7chile.cl/fhir/ig/clcore/CodeSystem/CodPais",
                    "code" : "152",
                    "display" : "Chile"
                  }]
                }
              }],
              "coding" : [{
                "system" : "https://hl7chile.cl/fhir/ig/clcore/CodeSystem/CSTipoIdentificador",
                "code" : "01",
                "display" : "RUN"
              }],
              "text" : "Rol Único Nacional"
            },
            "value" : "90000000-6",
            "assigner" : {
              "display" : "Republica de Chile"
            }
          }],
          "active" : true,
          "name" : [{
            "use" : "official",
            "family" : "Gonzalez",
            "_family" : {
              "extension" : [{
                "url" : "https://hl7chile.cl/fhir/ig/clcore/StructureDefinition/SegundoApellido",
                "valueString" : "Morales"
              }]
            },
            "given" : ["María",
            "Josefina"]
          }],
          "telecom" : [{
            "system" : "phone",
            "value" : "(562) 5555 6473",
            "use" : "work",
            "rank" : 1
          }],
          "gender" : "male",
          "birthDate" : "1974-12-25",
          "deceasedBoolean" : false,
          "address" : [{
            "use" : "home",
            "text" : "Calle Arrabal Conchita Tejeda Nº 24, Esc. 432",
            "line" : ["Calle Arrabal Conchita Tejeda"],
            "city" : "Huara",
            "_city" : {
              "extension" : [{
                "url" : "https://hl7chile.cl/fhir/ig/clcore/StructureDefinition/ComunasCl",
                "valueCodeableConcept" : {
                  "coding" : [{
                    "system" : "https://hl7chile.cl/fhir/ig/clcore/CodeSystem/CSCodComunasCL",
                    "code" : "01404",
                    "display" : "Huara"
                  }]
                }
              }]
            },
            "district" : "Provincia del Tamarugal",
            "_district" : {
              "extension" : [{
                "url" : "https://hl7chile.cl/fhir/ig/clcore/StructureDefinition/ProvinciasCl",
                "valueCodeableConcept" : {
                  "coding" : [{
                    "system" : "https://hl7chile.cl/fhir/ig/clcore/CodeSystem/CSCodProvinciasCL",
                    "code" : "014",
                    "display" : "Tamarugal"
                  }]
                }
              }]
            },
            "state" : "Región de Tarapacá",
            "_state" : {
              "extension" : [{
                "url" : "https://hl7chile.cl/fhir/ig/clcore/StructureDefinition/RegionesCl",
                "valueCodeableConcept" : {
                  "coding" : [{
                    "system" : "https://hl7chile.cl/fhir/ig/clcore/CodeSystem/CSCodRegionCL",
                    "code" : "01",
                    "display" : "Tarapacá"
                  }]
                }
              }]
            }
          }]
        }
      },
      {
        "fullUrl" : "http://interoperabilidad.minsal.cl/fhir/ig/tei/Condition/ConditionInicialEjemplo",
        "resource" : {
          "resourceType" : "Condition",
          "id" : "ConditionInicialEjemplo",
          "meta" : {
            "profile" : ["https://interoperabilidad.minsal.cl/fhir/ig/tei/StructureDefinition/ConditionDiagnosticoLE"]
          },
          "clinicalStatus" : {
            "coding" : [{
              "system" : "http://terminology.hl7.org/CodeSystem/condition-clinical",
              "code" : "active",
              "display" : "Active"
            }],
            "text" : "Activo"
          },
          "verificationStatus" : {
            "coding" : [{
              "system" : "http://terminology.hl7.org/CodeSystem/condition-ver-status",
              "code" : "confirmed",
              "display" : "Confirmed"
            }],
            "text" : "Confirmado"
          },
          "category" : [{
            "coding" : [{
              "system" : "http://terminology.hl7.org/CodeSystem/condition-category",
              "code" : "encounter-diagnosis",
              "display" : "Encounter Diagnosis"
            }],
            "text" : "Diagnostico del encuentro"
          }],
          "severity" : {
            "coding" : [{
              "system" : "http://snomed.info/sct",
              "code" : "24484000",
              "display" : "Severe"
            }],
            "text" : "Severo"
          },
          "code" : {
            "coding" : [{
              "system" : "http://snomed.info/sct",
              "code" : "165865000",
              "display" : "Adrenal antibody detected"
            }],
            "text" : "anticuerpos contra glándulas suprarrenales detectados"
          },
          "subject" : {
            "reference" : "Patient/EjemploPatientLE"
          },
          "encounter" : {
            "reference" : "Encounter/EncounterIniciarEjemplo"
          }
        }
      },
      {
        "fullUrl" : "http://interoperabilidad.minsal.cl/fhir/ig/tei/Observation/IndiceConmorbilidadEjemplo",
        "resource" : {
          "resourceType" : "Observation",
          "id" : "IndiceConmorbilidadEjemplo",
          "meta" : {
            "profile" : ["https://interoperabilidad.minsal.cl/fhir/ig/tei/StructureDefinition/ObservationIndiceComorbilidadLE"]
          },
          "status" : "final",
          "category" : [{
            "coding" : [{
              "system" : "http://terminology.hl7.org/CodeSystem/observation-category",
              "code" : "survey"
            }]
          }],
          "code" : {
            "coding" : [{
              "system" : "https://interoperabilidad.minsal.cl/fhir/ig/tei/CodeSystem/CSTipoObservacionMinsal",
              "code" : "ECICEP"
            }],
            "text" : "Indice Comorbilidad"
          },
          "subject" : {
            "reference" : "Patient/EjemploPatientLE"
          },
          "encounter" : {
            "reference" : "Encounter/EncounterIniciarEjemplo"
          },
          "valueCodeableConcept" : {
            "coding" : [{
              "system" : "https://interoperabilidad.minsal.cl/fhir/ig/tei/CodeSystem/CSIndicecomorbilidad",
              "code" : "G2",
              "display" : "Riesgo Moderado, 2 a 4 condiciones crónicas"
            }]
          }
        }
      },
      {
        "fullUrl" : "http://interoperabilidad.minsal.cl/fhir/ig/tei/Observation/EjemploObservationDiscapacidadLE",
        "resource" : {
          "resourceType" : "Observation",
          "id" : "EjemploObservationDiscapacidadLE",
          "meta" : {
            "profile" : ["https://interoperabilidad.minsal.cl/fhir/ig/tei/StructureDefinition/ObservationDiscapacidadLE"]
          },
          "status" : "final",
          "code" : {
            "coding" : [{
              "system" : "http://loinc.org",
              "code" : "101720-1",
              "display" : "Disability status"
            }],
            "text" : "Discapacidad"
          },
          "subject" : {
            "reference" : "Patient/EjemploPatientLE"
          },
          "valueBoolean" : true
        }
      },
      {
        "fullUrl" : "http://interoperabilidad.minsal.cl/fhir/ig/tei/Observation/EjemploObservationCuidador",
        "resource" : {
          "resourceType" : "Observation",
          "id" : "EjemploObservationCuidador",
          "meta" : {
            "profile" : ["https://interoperabilidad.minsal.cl/fhir/ig/tei/StructureDefinition/ObservationIniciarCuidadorLE"]
          },
          "status" : "final",
          "code" : {
            "coding" : [{
              "system" : "http://loinc.org",
              "code" : "95385-1",
              "display" : "Caregiver for person with age-related complaints, chronic diseases or frailty"
            }],
            "text" : "Cuidador de una persona con dolencias relacionadas con la edad o enfermedades crónicas."
          },
          "subject" : {
            "reference" : "Patient/EjemploPatientLE"
          },
          "valueBoolean" : true
        }
      },
      {
        "fullUrl" : "http://interoperabilidad.minsal.cl/fhir/ig/tei/Observation/AnticuerpoAdrenal",
        "resource" : {
          "resourceType" : "Observation",
          "id" : "AnticuerpoAdrenal",
          "meta" : {
            "profile" : ["https://interoperabilidad.minsal.cl/fhir/ig/tei/StructureDefinition/ObservationResultadoExamen"]
          },
          "status" : "registered",
          "category" : [{
            "coding" : [{
              "system" : "http://terminology.hl7.org/CodeSystem/observation-category",
              "code" : "laboratory"
            }]
          }],
          "code" : {
            "coding" : [{
              "system" : "http://loinc.org",
              "code" : "8059-8"
            }],
            "text" : "Ab adrenal en Sérum"
          },
          "subject" : {
            "reference" : "Patient/EjemploPatientLE"
          },
          "encounter" : {
            "reference" : "Encounter/EncounterIniciarEjemplo"
          },
          "effectiveDateTime" : "2024-01-17T15:00:00-03:00",
          "valueQuantity" : {
            "value" : 10,
            "unit" : "U/mL",
            "system" : "http://unitsofmeasure.org",
            "code" : "U/mL"
          }
        }
      },
      {
        "fullUrl" : "http://interoperabilidad.minsal.cl/fhir/ig/tei/AllergyIntolerance/AllergyIntoleranceExample",
        "resource" : {
          "resourceType" : "AllergyIntolerance",
          "id" : "AllergyIntoleranceExample",
          "meta" : {
            "profile" : ["https://interoperabilidad.minsal.cl/fhir/ig/tei/StructureDefinition/AllergyIntoleranceIniciarLE"]
          },
          "clinicalStatus" : {
            "coding" : [{
              "system" : "http://terminology.hl7.org/CodeSystem/allergyintolerance-clinical",
              "code" : "active",
              "display" : "Active"
            }],
            "text" : "Activo"
          },
          "verificationStatus" : {
            "coding" : [{
              "system" : "http://terminology.hl7.org/CodeSystem/allergyintolerance-verification",
              "code" : "confirmed",
              "display" : "Confirmed"
            }],
            "text" : "Confirmado"
          },
          "code" : {
            "coding" : [{
              "system" : "http://snomed.info/sct",
              "code" : "227493005"
            }],
            "text" : "Alergía a castaña de cajú"
          },
          "patient" : {
            "reference" : "Patient/EjemploPatientLE"
          }
        }
      },
      {
        "fullUrl" : "http://interoperabilidad.minsal.cl/fhir/ig/tei/PractitionerRole/PractitionerRoleIniciador",
        "resource" : {
          "resourceType" : "PractitionerRole",
          "id" : "PractitionerRoleIniciador",
          "meta" : {
            "profile" : ["https://interoperabilidad.minsal.cl/fhir/ig/tei/StructureDefinition/PractitionerRoleLE"]
          },
          "active" : true,
          "practitioner" : {
            "reference" : "Practitioner/PractitionerProfesionalLEEjemplo1"
          },
          "organization" : {
            "reference" : "Organization/OrganizationLEEjemplo"
          },
          "code" : [{
            "coding" : [{
              "system" : "https://interoperabilidad.minsal.cl/fhir/ig/tei/CodeSystem/CSPractitionerTipoRolLE",
              "code" : "iniciador",
              "display" : "Iniciador"
            }]
          }]
        }
      },
      {
        "fullUrl" : "http://interoperabilidad.minsal.cl/fhir/ig/tei/Practitioner/PractitionerProfesionalLEEjemplo1",
        "resource" : {
          "resourceType" : "Practitioner",
          "id" : "PractitionerProfesionalLEEjemplo1",
          "meta" : {
            "profile" : ["https://interoperabilidad.minsal.cl/fhir/ig/tei/StructureDefinition/PractitionerProfesionalLE"]
          },
          "identifier" : [{
            "use" : "official",
            "type" : {
              "coding" : [{
                "system" : "https://hl7chile.cl/fhir/ig/clcore/CodeSystem/CSTipoIdentificador",
                "code" : "01",
                "display" : "RUN"
              }],
              "text" : "Rol Único Nacional"
            },
            "value" : "90000000-6",
            "assigner" : {
              "display" : "Republica de Chile"
            }
          },
          {
            "use" : "secondary",
            "type" : {
              "coding" : [{
                "system" : "https://hl7chile.cl/fhir/ig/clcore/CodeSystem/CSTipoIdentificador",
                "code" : "13",
                "display" : "RNPI"
              }],
              "text" : "Registro Nacional de Prestadores Individuales"
            },
            "value" : "9999999",
            "assigner" : {
              "display" : "Intendencia de prestadores individuales - Superintendencia de Salud"
            }
          }],
          "active" : true,
          "name" : [{
            "family" : "Gonzalez",
            "_family" : {
              "extension" : [{
                "url" : "https://hl7chile.cl/fhir/ig/clcore/StructureDefinition/SegundoApellido",
                "valueString" : "Torres"
              }]
            },
            "given" : ["Víctor"],
            "prefix" : ["Dr"]
          }],
          "address" : [{
            "use" : "work",
            "line" : ["Dirección falsa 123,depto 1202"],
            "_state" : {
              "extension" : [{
                "url" : "https://hl7chile.cl/fhir/ig/clcore/StructureDefinition/RegionesCl",
                "valueCodeableConcept" : {
                  "coding" : [{
                    "system" : "https://hl7chile.cl/fhir/ig/clcore/CodeSystem/CSCodRegionCL",
                    "code" : "13",
                    "display" : "Metropolitana de Santiago"
                  }]
                }
              }]
            }
          }],
          "gender" : "male",
          "birthDate" : "1980-01-01",
          "qualification" : [{
            "identifier" : [{
              "value" : "cert"
            }],
            "code" : {
              "coding" : [{
                "system" : "https://interoperabilidad.minsal.cl/fhir/ig/tei/CodeSystem/CSTituloProfesional",
                "code" : "1",
                "display" : "MÉDICO CIRUJANO"
              }],
              "text" : "MÉDICO CIRUJANO"
            },
            "period" : {
              "start" : "2007-11-01"
            },
            "issuer" : {
              "display" : "Universidad de Chile"
            }
          }]
        }
      },
      {
        "fullUrl" : "http://interoperabilidad.minsal.cl/fhir/ig/tei/Organization/OrganizationLEEjemplo",
        "resource" : {
          "resourceType" : "Organization",
          "id" : "OrganizationLEEjemplo",
          "meta" : {
            "profile" : ["https://interoperabilidad.minsal.cl/fhir/ig/tei/StructureDefinition/OrganizationLE"]
          },
          "identifier" : [{
            "system" : "https://interoperabilidad.minsal.cl/fhir/ig/tei/CodeSystem/CSEstablecimientoDestino",
            "value" : "120101"
          }],
          "name" : "Complejo Asistencial Dr. Víctor Ríos Ruiz (Los Ángeles)",
          "alias" : ["Hospital de Los Ángeles"],
          "telecom" : [{
            "system" : "phone",
            "value" : "(+56) 432336000"
          }],
          "address" : [{
            "line" : ["Ricardo Vicuña 147"],
            "city" : "Los Ángeles",
            "_city" : {
              "extension" : [{
                "url" : "https://hl7chile.cl/fhir/ig/clcore/StructureDefinition/ComunasCl",
                "valueCodeableConcept" : {
                  "coding" : [{
                    "system" : "https://hl7chile.cl/fhir/ig/clcore/CodeSystem/CSCodComunasCL",
                    "code" : "08301",
                    "display" : "Los Ángeles"
                  }]
                }
              }]
            },
            "postalCode" : "4451055",
            "country" : "Chile",
            "_country" : {
              "extension" : [{
                "url" : "https://hl7chile.cl/fhir/ig/clcore/StructureDefinition/CodigoPaises",
                "valueCodeableConcept" : {
                  "coding" : [{
                    "system" : "https://hl7chile.cl/fhir/ig/clcore/CodeSystem/CodPais",
                    "code" : "152",
                    "display" : "Chile"
                  }]
                }
              }]
            }
          }]
        }
      },
      {
        "fullUrl" : "http://interoperabilidad.minsal.cl/fhir/ig/tei/QuestionnaireResponse/MotivoDerivacionEjemplo",
        "resource" : {
          "resourceType" : "QuestionnaireResponse",
          "id" : "MotivoDerivacionEjemplo",
          "meta" : {
            "profile" : ["https://interoperabilidad.minsal.cl/fhir/ig/tei/StructureDefinition/QuestionnaireResponseIniciarLE"]
          },
          "questionnaire" : "https://interoperabilidad.minsal.cl/fhir/ig/tei/Questionnaire/MotivoDerivacion",
          "status" : "completed",
          "subject" : {
            "reference" : "Patient/EjemploPatientLE"
          },
          "encounter" : {
            "reference" : "Encounter/EncounterIniciarEjemplo"
          },
          "author" : {
            "reference" : "Practitioner/PractitionerProfesionalLEEjemplo1"
          },
          "item" : [{
            "linkId" : "MotivoDerivacion",
            "text" : "Motivo Derivación",
            "answer" : [{
              "valueString" : "Paciente sufre de alzas constantes de presión no manejadas en APS. Comienza con precordalgia aguda."
            }]
          }]
        }
      },
      {
        "fullUrl" : "http://interoperabilidad.minsal.cl/fhir/ig/tei/ServiceRequest/SolicitudExamenEjemplo",
        "resource" : {
          "resourceType" : "ServiceRequest",
          "id" : "SolicitudExamenEjemplo",
          "meta" : {
            "profile" : ["https://interoperabilidad.minsal.cl/fhir/ig/tei/StructureDefinition/ServiceRequestExamenLE"]
          },
          "basedOn" : [{
            "reference" : "ServiceRequest/SolicitudInterconsultaEjemplo1"
          }],
          "status" : "draft",
          "intent" : "order",
          "code" : {
            "coding" : [{
              "system" : "http://loinc.org",
              "code" : "2857-1",
              "display" : "Prostate specific Ag [Mass/volume] in Serum or Plasma"
            }],
            "text" : "Antigeno Prostático Específico en Suero o Plasma"
          },
          "subject" : {
            "reference" : "Patient/EjemploPatientLE"
          },
          "authoredOn" : "2024-01-17T16:00:00-03:00",
          "requester" : {
            "reference" : "Practitioner/PractitionerProfesionalLEEjemplo1"
          },
          "reasonCode" : [{
            "coding" : [{
              "system" : "http://snomed.info/sct",
              "code" : "414205003"
            }],
            "text" : "antecedente familiar de neoplasia maligna de próstata"
          }],
          "note" : [{
            "text" : "paciente con APE elevado en 2022, se solicita examen vigente previo a atención con especialidad"
          }]
        }
      }]
    }
  },
  {
    "fullUrl" : "Bundle/bundle-referenciar-001",
    "resource" : {
      "resourceType" : "Bundle",
      "id" : "BundleReferenciarEjemplo",
      "meta" : {
        "profile" : ["https://interoperabilidad.minsal.cl/fhir/ig/tei/StructureDefinition/BundleReferenciarLE"]
      },
      "type" : "message",
      "timestamp" : "2024-01-18T16:00:00-03:00",
      "entry" : [{
        "fullUrl" : "http://interoperabilidad.minsal.cl/fhir/ig/tei/MessageHeader/MesssageHeaderReferenciar",
        "resource" : {
          "resourceType" : "MessageHeader",
          "id" : "MesssageHeaderReferenciar",
          "meta" : {
            "lastUpdated" : "2024-01-18T16:00:00-03:00",
            "profile" : ["https://interoperabilidad.minsal.cl/fhir/ig/tei/StructureDefinition/MessageHeaderLE"]
          },
          "eventCoding" : {
            "system" : "https://interoperabilidad.minsal.cl/fhir/ig/tei/CodeSystem/CSTipoEventoLE",
            "code" : "referenciar",
            "display" : "Referenciar"
          },
          "author" : {
            "reference" : "PractitionerRole/PractitionerRoleReferenciador"
          },
          "source" : {
            "software" : "SISMaule",
            "endpoint" : "llp:10.11.12.13:5432"
          },
          "focus" : [{
            "reference" : "ServiceRequest/SolicitudInterconsultaEjemplo2"
          }]
        }
      },
      {
        "fullUrl" : "http://interoperabilidad.minsal.cl/fhir/ig/tei/ServiceRequest/SolicitudInterconsultaEjemplo2",
        "resource" : {
          "resourceType" : "ServiceRequest",
          "id" : "SolicitudInterconsultaEjemplo2",
          "meta" : {
            "versionId" : "2.0",
            "profile" : ["https://interoperabilidad.minsal.cl/fhir/ig/tei/StructureDefinition/ServiceRequestLE"]
          },
          "extension" : [{
            "url" : "https://interoperabilidad.minsal.cl/fhir/ig/tei/StructureDefinition/ExtensionBoolRequiereExamen",
            "valueBoolean" : true
          },
          {
            "url" : "https://interoperabilidad.minsal.cl/fhir/ig/tei/StructureDefinition/ExtensionBoolResolutividadAPS",
            "valueBoolean" : true
          },
          {
            "url" : "https://interoperabilidad.minsal.cl/fhir/ig/tei/StructureDefinition/ExtensionOrigenInterconsulta",
            "valueCodeableConcept" : {
              "coding" : [{
                "system" : "https://interoperabilidad.minsal.cl/fhir/ig/tei/CodeSystem/CSorigenInterconsulta",
                "code" : "1",
                "display" : "APS"
              }]
            }
          },
          {
            "url" : "https://interoperabilidad.minsal.cl/fhir/ig/tei/StructureDefinition/ExtensionEstadoInterconsultaCodigoLE",
            "valueCodeableConcept" : {
              "coding" : [{
                "system" : "https://interoperabilidad.minsal.cl/fhir/ig/tei/CodeSystem/CSEstadoInterconsulta",
                "code" : "2",
                "display" : "A la espera de revisión"
              }]
            }
          },
          {
            "url" : "https://interoperabilidad.minsal.cl/fhir/ig/tei/StructureDefinition/ExtensionEspecialidadMedicaDestinoCodigo",
            "valueCodeableConcept" : {
              "coding" : [{
                "system" : "https://interoperabilidad.minsal.cl/fhir/ig/tei/CodeSystem/CSEspecialidadMed",
                "code" : "30",
                "display" : "MEDICINA INTERNA"
              }]
            }
          },
          {
            "url" : "https://interoperabilidad.minsal.cl/fhir/ig/tei/StructureDefinition/ExtensionSubEspecialidadMedicaDestinoCodigo",
            "valueCodeableConcept" : {
              "coding" : [{
                "system" : "https://interoperabilidad.minsal.cl/fhir/ig/tei/CodeSystem/CSEspecialidadMed",
                "code" : "14",
                "display" : "ENDOCRINOLOGÍA ADULTO"
              }]
            }
          }],
          "identifier" : [{
            "value" : "123"
          }],
          "status" : "draft",
          "intent" : "order",
          "category" : [{
            "coding" : [{
              "system" : "https://interoperabilidad.minsal.cl/fhir/ig/tei/CodeSystem/CSModalidadAtencionCodigo",
              "code" : "1",
              "display" : "Presencial"
            }]
          }],
          "priority" : "routine",
          "code" : {
            "coding" : [{
              "system" : "http://snomed.info/sct",
              "code" : "103696004"
            }],
            "text" : "Interconsulta para atención presencial"
          },
          "subject" : {
            "reference" : "Patient/EjemploPatientLE"
          },
          "encounter" : {
            "reference" : "Encounter/EncounterIniciarEjemplo"
          },
          "authoredOn" : "2024-12-10T09:00:00Z",
          "requester" : {
            "reference" : "PractitionerRole/PractitionerRoleIniciador"
          },
          "performer" : [{
            "reference" : "PractitionerRole/PractitionerRoleAtendedor1"
          }],
          "locationCode" : [{
            "coding" : [{
              "system" : "https://interoperabilidad.minsal.cl/fhir/ig/tei/CodeSystem/CSDestinoReferenciaCodigo",
              "code" : "1",
              "display" : "Nivel Secundario"
            }]
          }],
          "reasonCode" : [{
            "coding" : [{
              "system" : "https://interoperabilidad.minsal.cl/fhir/ig/tei/CodeSystem/CSDerivadoParaCodigo",
              "code" : "1",
              "display" : "Confirmación"
            }]
          }],
          "supportingInfo" : [{
            "reference" : "Condition/ConditionInicialEjemplo"
          },
          {
            "reference" : "AllergyIntolerance/AllergyIntoleranceExample"
          },
          {
            "reference" : "Observation/IndiceConmorbilidadEjemplo"
          },
          {
            "reference" : "Observation/EjemploObservationCuidador"
          },
          {
            "reference" : "Observation/EjemploObservationDiscapacidadLE"
          },
          {
            "reference" : "QuestionnaireResponse/MotivoDerivacionEjemplo"
          },
          {
            "reference" : "ServiceRequest/EjemploSolicitudExamen"
          },
          {
            "reference" : "Observation/AnticuerpoAdrenal"
          }]
        }
      },
      {
        "fullUrl" : "http://interoperabilidad.minsal.cl/fhir/ig/tei/Practitioner/PractitionerProfesionalLEEjemplo2",
        "resource" : {
          "resourceType" : "Practitioner",
          "id" : "PractitionerProfesionalLEEjemplo2",
          "meta" : {
            "profile" : ["https://interoperabilidad.minsal.cl/fhir/ig/tei/StructureDefinition/PractitionerProfesionalLE"]
          },
          "identifier" : [{
            "use" : "official",
            "type" : {
              "coding" : [{
                "system" : "https://hl7chile.cl/fhir/ig/clcore/CodeSystem/CSTipoIdentificador",
                "code" : "01",
                "display" : "RUN"
              }],
              "text" : "Rol Único Nacional"
            },
            "value" : "90000000-6",
            "assigner" : {
              "display" : "Republica de Chile"
            }
          },
          {
            "use" : "secondary",
            "type" : {
              "coding" : [{
                "system" : "https://hl7chile.cl/fhir/ig/clcore/CodeSystem/CSTipoIdentificador",
                "code" : "13",
                "display" : "RNPI"
              }],
              "text" : "Registro Nacional de Prestadores Individuales"
            },
            "value" : "9999999",
            "assigner" : {
              "display" : "Intendencia de prestadores individuales - Superintendencia de Salud"
            }
          }],
          "active" : true,
          "name" : [{
            "family" : "Gonzalez",
            "_family" : {
              "extension" : [{
                "url" : "https://hl7chile.cl/fhir/ig/clcore/StructureDefinition/SegundoApellido",
                "valueString" : "Torres"
              }]
            },
            "given" : ["Víctor"],
            "prefix" : ["Dr"]
          }],
          "address" : [{
            "use" : "work",
            "line" : ["Dirección falsa 123,depto 1202"],
            "_state" : {
              "extension" : [{
                "url" : "https://hl7chile.cl/fhir/ig/clcore/StructureDefinition/RegionesCl",
                "valueCodeableConcept" : {
                  "coding" : [{
                    "system" : "https://hl7chile.cl/fhir/ig/clcore/CodeSystem/CSCodRegionCL",
                    "code" : "13",
                    "display" : "Metropolitana de Santiago"
                  }]
                }
              }]
            }
          }],
          "gender" : "male",
          "birthDate" : "1980-01-01",
          "qualification" : [{
            "identifier" : [{
              "value" : "cert"
            }],
            "code" : {
              "coding" : [{
                "system" : "https://interoperabilidad.minsal.cl/fhir/ig/tei/CodeSystem/CSTituloProfesional",
                "code" : "1",
                "display" : "MÉDICO CIRUJANO"
              }],
              "text" : "MÉDICO CIRUJANO"
            },
            "period" : {
              "start" : "2007-11-01"
            },
            "issuer" : {
              "display" : "Universidad de Chile"
            }
          }]
        }
      },
      {
        "fullUrl" : "http://interoperabilidad.minsal.cl/fhir/ig/tei/PractitionerRole/PractitionerRoleReferenciador",
        "resource" : {
          "resourceType" : "PractitionerRole",
          "id" : "PractitionerRoleReferenciador",
          "meta" : {
            "profile" : ["https://interoperabilidad.minsal.cl/fhir/ig/tei/StructureDefinition/PractitionerRoleLE"]
          },
          "active" : true,
          "practitioner" : {
            "reference" : "Practitioner/PractitionerProfesionalLEEjemplo2"
          },
          "organization" : {
            "reference" : "Organization/OrganizationLEReferenciar"
          },
          "code" : [{
            "coding" : [{
              "system" : "https://interoperabilidad.minsal.cl/fhir/ig/tei/CodeSystem/CSPractitionerTipoRolLE",
              "code" : "referenciador",
              "display" : "Referenciador"
            }]
          }]
        }
      },
      {
        "fullUrl" : "http://interoperabilidad.minsal.cl/fhir/ig/tei/PractitionerRole/PractitionerRoleAtendedor1",
        "resource" : {
          "resourceType" : "PractitionerRole",
          "id" : "PractitionerRoleAtendedor1",
          "meta" : {
            "versionId" : "1.0",
            "profile" : ["https://interoperabilidad.minsal.cl/fhir/ig/tei/StructureDefinition/PractitionerRoleLE"]
          },
          "active" : true,
          "organization" : {
            "reference" : "Organization/OrganizationLEAtendedor"
          },
          "code" : [{
            "coding" : [{
              "system" : "https://interoperabilidad.minsal.cl/fhir/ig/tei/CodeSystem/CSPractitionerTipoRolLE",
              "code" : "atendedor",
              "display" : "Atendedor"
            }]
          }]
        }
      },
      {
        "fullUrl" : "http://interoperabilidad.minsal.cl/fhir/ig/tei/Organization/OrganizationLEReferenciar",
        "resource" : {
          "resourceType" : "Organization",
          "id" : "OrganizationLEReferenciar",
          "meta" : {
            "profile" : ["https://interoperabilidad.minsal.cl/fhir/ig/tei/StructureDefinition/OrganizationLE"]
          },
          "identifier" : [{
            "system" : "https://interoperabilidad.minsal.cl/fhir/ig/tei/CodeSystem/CSEstablecimientoDestino",
            "value" : "120101"
          }],
          "name" : "Complejo Asistencial Dr. Víctor Ríos Ruiz (Los Ángeles)",
          "alias" : ["Hospital de Los Ángeles"],
          "telecom" : [{
            "system" : "phone",
            "value" : "(+56) 432336000"
          }],
          "address" : [{
            "line" : ["Ricardo Vicuña 147"],
            "city" : "Los Ángeles",
            "_city" : {
              "extension" : [{
                "url" : "https://hl7chile.cl/fhir/ig/clcore/StructureDefinition/ComunasCl",
                "valueCodeableConcept" : {
                  "coding" : [{
                    "system" : "https://hl7chile.cl/fhir/ig/clcore/CodeSystem/CSCodComunasCL",
                    "code" : "08301",
                    "display" : "Los Ángeles"
                  }]
                }
              }]
            },
            "postalCode" : "4451055",
            "country" : "Chile",
            "_country" : {
              "extension" : [{
                "url" : "https://hl7chile.cl/fhir/ig/clcore/StructureDefinition/CodigoPaises",
                "valueCodeableConcept" : {
                  "coding" : [{
                    "system" : "https://hl7chile.cl/fhir/ig/clcore/CodeSystem/CodPais",
                    "code" : "152",
                    "display" : "Chile"
                  }]
                }
              }]
            }
          }]
        }
      },
      {
        "fullUrl" : "http://interoperabilidad.minsal.cl/fhir/ig/tei/Organization/OrganizationLEAtendedor",
        "resource" : {
          "resourceType" : "Organization",
          "id" : "OrganizationLEAtendedor",
          "meta" : {
            "profile" : ["https://interoperabilidad.minsal.cl/fhir/ig/tei/StructureDefinition/OrganizationLE"]
          },
          "identifier" : [{
            "system" : "https://interoperabilidad.minsal.cl/fhir/ig/tei/CodeSystem/CSEstablecimientoDestino",
            "value" : "121343"
          }],
          "name" : "Centro de Referencia de Salud Miraflores"
        }
      }]
    }
  },
  {
    "fullUrl" : "Bundle/bundle-revisar-001",
    "resource" : {
      "resourceType" : "Bundle",
      "id" : "BundleRevisarEjemplo",
      "meta" : {
        "profile" : ["https://interoperabilidad.minsal.cl/fhir/ig/tei/StructureDefinition/BundleRevisarLE"]
      },
      "type" : "message",
      "timestamp" : "2024-01-19T16:00:00-03:00",
      "entry" : [{
        "fullUrl" : "http://interoperabilidad.minsal.cl/fhir/ig/tei/MessageHeader/MesssageHeaderRevisar",
        "resource" : {
          "resourceType" : "MessageHeader",
          "id" : "MesssageHeaderRevisar",
          "meta" : {
            "lastUpdated" : "2024-01-19T16:00:00-03:00",
            "profile" : ["https://interoperabilidad.minsal.cl/fhir/ig/tei/StructureDefinition/MessageHeaderLE"]
          },
          "eventCoding" : {
            "system" : "https://interoperabilidad.minsal.cl/fhir/ig/tei/CodeSystem/CSTipoEventoLE",
            "code" : "revisar",
            "display" : "Revisar"
          },
          "author" : {
            "reference" : "PractitionerRole/PractitionerRoleRevisor"
          },
          "source" : {
            "software" : "SISMaule",
            "endpoint" : "llp:10.11.12.13:5432"
          },
          "focus" : [{
            "reference" : "ServiceRequest/SolicitudInterconsultaEjemplo3"
          }]
        }
      },
      {
        "fullUrl" : "http://interoperabilidad.minsal.cl/fhir/ig/tei/ServiceRequest/SolicitudInterconsultaEjemplo3",
        "resource" : {
          "resourceType" : "ServiceRequest",
          "id" : "SolicitudInterconsultaEjemplo3",
          "meta" : {
            "versionId" : "3.0",
            "profile" : ["https://interoperabilidad.minsal.cl/fhir/ig/tei/StructureDefinition/ServiceRequestLE"]
          },
          "extension" : [{
            "url" : "https://interoperabilidad.minsal.cl/fhir/ig/tei/StructureDefinition/ExtensionBoolRequiereExamen",
            "valueBoolean" : true
          },
          {
            "url" : "https://interoperabilidad.minsal.cl/fhir/ig/tei/StructureDefinition/ExtensionBoolResolutividadAPS",
            "valueBoolean" : true
          },
          {
            "url" : "https://interoperabilidad.minsal.cl/fhir/ig/tei/StructureDefinition/ExtensionOrigenInterconsulta",
            "valueCodeableConcept" : {
              "coding" : [{
                "system" : "https://interoperabilidad.minsal.cl/fhir/ig/tei/CodeSystem/CSorigenInterconsulta",
                "code" : "1",
                "display" : "APS"
              }]
            }
          },
          {
            "url" : "https://interoperabilidad.minsal.cl/fhir/ig/tei/StructureDefinition/ExtensionEstadoInterconsultaCodigoLE",
            "valueCodeableConcept" : {
              "coding" : [{
                "system" : "https://interoperabilidad.minsal.cl/fhir/ig/tei/CodeSystem/CSEstadoInterconsulta",
                "code" : "3",
                "display" : "A la espera de priorización"
              }]
            }
          },
          {
            "url" : "https://interoperabilidad.minsal.cl/fhir/ig/tei/StructureDefinition/ExtensionEspecialidadMedicaDestinoCodigo",
            "valueCodeableConcept" : {
              "coding" : [{
                "system" : "https://interoperabilidad.minsal.cl/fhir/ig/tei/CodeSystem/CSEspecialidadMed",
                "code" : "30",
                "display" : "MEDICINA INTERNA"
              }]
            }
          },
          {
            "url" : "https://interoperabilidad.minsal.cl/fhir/ig/tei/StructureDefinition/ExtensionSubEspecialidadMedicaDestinoCodigo",
            "valueCodeableConcept" : {
              "coding" : [{
                "system" : "https://interoperabilidad.minsal.cl/fhir/ig/tei/CodeSystem/CSEspecialidadMed",
                "code" : "14",
                "display" : "ENDOCRINOLOGÍA ADULTO"
              }]
            }
          },
          {
            "extension" : [{
              "url" : "EvaluacionPertinencia",
              "valueCodeableConcept" : {
                "coding" : [{
                  "system" : "https://interoperabilidad.minsal.cl/fhir/ig/tei/CodeSystem/CSPertinenciaInterconsulta",
                  "code" : "3",
                  "display" : "Pertinente Incompleta"
                }]
              }
            }],
            "url" : "https://interoperabilidad.minsal.cl/fhir/ig/tei/StructureDefinition/ExtensionPertinenciaInterconsulta"
          }],
          "identifier" : [{
            "value" : "123"
          }],
          "status" : "draft",
          "intent" : "order",
          "category" : [{
            "coding" : [{
              "system" : "https://interoperabilidad.minsal.cl/fhir/ig/tei/CodeSystem/CSModalidadAtencionCodigo",
              "code" : "1",
              "display" : "Presencial"
            }]
          }],
          "priority" : "routine",
          "code" : {
            "coding" : [{
              "system" : "http://snomed.info/sct",
              "code" : "103696004"
            }],
            "text" : "Interconsulta para atención presencial"
          },
          "subject" : {
            "reference" : "Patient/EjemploPatientLE"
          },
          "encounter" : {
            "reference" : "Encounter/EncounterIniciarEjemplo"
          },
          "authoredOn" : "2024-12-10T09:00:00Z",
          "requester" : {
            "reference" : "PractitionerRole/PractitionerRoleIniciador"
          },
          "performer" : [{
            "reference" : "PractitionerRole/PractitionerRoleRevisor"
          }],
          "locationCode" : [{
            "coding" : [{
              "system" : "https://interoperabilidad.minsal.cl/fhir/ig/tei/CodeSystem/CSDestinoReferenciaCodigo",
              "code" : "1",
              "display" : "Nivel Secundario"
            }]
          }],
          "reasonCode" : [{
            "coding" : [{
              "system" : "https://interoperabilidad.minsal.cl/fhir/ig/tei/CodeSystem/CSDerivadoParaCodigo",
              "code" : "1",
              "display" : "Confirmación"
            }]
          }],
          "supportingInfo" : [{
            "reference" : "Condition/ConditionInicialEjemplo"
          },
          {
            "reference" : "AllergyIntolerance/AllergyIntoleranceExample"
          },
          {
            "reference" : "Observation/IndiceConmorbilidadEjemplo"
          },
          {
            "reference" : "Observation/EjemploObservationCuidador"
          },
          {
            "reference" : "Observation/EjemploObservationDiscapacidadLE"
          },
          {
            "reference" : "QuestionnaireResponse/MotivoDerivacionEjemplo"
          },
          {
            "reference" : "ServiceRequest/EjemploSolicitudExamen"
          },
          {
            "reference" : "Observation/AnticuerpoAdrenal"
          }]
        }
      },
      {
        "fullUrl" : "http://interoperabilidad.minsal.cl/fhir/ig/tei/Practitioner/PractitionerProfesionalLERevisor",
        "resource" : {
          "resourceType" : "Practitioner",
          "id" : "PractitionerProfesionalLERevisor",
          "meta" : {
            "profile" : ["https://interoperabilidad.minsal.cl/fhir/ig/tei/StructureDefinition/PractitionerProfesionalLE"]
          },
          "identifier" : [{
            "use" : "official",
            "type" : {
              "coding" : [{
                "system" : "https://hl7chile.cl/fhir/ig/clcore/CodeSystem/CSTipoIdentificador",
                "code" : "01",
                "display" : "RUN"
              }],
              "text" : "Rol Único Nacional"
            },
            "value" : "19949350-7",
            "assigner" : {
              "display" : "Republica de Chile"
            }
          },
          {
            "use" : "secondary",
            "type" : {
              "coding" : [{
                "system" : "https://hl7chile.cl/fhir/ig/clcore/CodeSystem/CSTipoIdentificador",
                "code" : "13",
                "display" : "RNPI"
              }],
              "text" : "Registro Nacional de Prestadores Individuales"
            },
            "value" : "1234543",
            "assigner" : {
              "display" : "Intendencia de prestadores individuales - Superintendencia de Salud"
            }
          }],
          "active" : true,
          "name" : [{
            "family" : "Gonzalez",
            "_family" : {
              "extension" : [{
                "url" : "https://hl7chile.cl/fhir/ig/clcore/StructureDefinition/SegundoApellido",
                "valueString" : "Gutierrez"
              }]
            },
            "given" : ["Gonzalo"],
            "prefix" : ["Dr"]
          }],
          "gender" : "male",
          "birthDate" : "1980-01-01",
          "qualification" : [{
            "identifier" : [{
              "value" : "cert"
            }],
            "code" : {
              "coding" : [{
                "system" : "https://interoperabilidad.minsal.cl/fhir/ig/tei/CodeSystem/CSTituloProfesional",
                "code" : "1",
                "display" : "MÉDICO CIRUJANO"
              }],
              "text" : "MÉDICO CIRUJANO"
            },
            "period" : {
              "start" : "2007-11-01"
            },
            "issuer" : {
              "display" : "Universidad de Chile"
            }
          },
          {
            "identifier" : [{
              "value" : "esp"
            }],
            "code" : {
              "coding" : [{
                "system" : "https://interoperabilidad.minsal.cl/fhir/ig/tei/CodeSystem/CSEspecialidadMed",
                "code" : "30",
                "display" : "MEDICINA INTERNA"
              }],
              "text" : "MEDICINA INTERNA"
            },
            "period" : {
              "start" : "2010-11-01"
            },
            "issuer" : {
              "display" : "Pontificia Universidad Católica de Chile"
            }
          },
          {
            "identifier" : [{
              "value" : "subesp"
            }],
            "code" : {
              "coding" : [{
                "system" : "https://interoperabilidad.minsal.cl/fhir/ig/tei/CodeSystem/CSEspecialidadMed",
                "code" : "14",
                "display" : "ENDOCRINOLOGÍA ADULTO"
              }],
              "text" : "ENDOCRINOLOGÍA ADULTO"
            },
            "period" : {
              "start" : "2014-11-01"
            },
            "issuer" : {
              "display" : "Universidad de Valparaíso"
            }
          }]
        }
      },
      {
        "fullUrl" : "http://interoperabilidad.minsal.cl/fhir/ig/tei/PractitionerRole/PractitionerRoleRevisor",
        "resource" : {
          "resourceType" : "PractitionerRole",
          "id" : "PractitionerRoleRevisor",
          "meta" : {
            "profile" : ["https://interoperabilidad.minsal.cl/fhir/ig/tei/StructureDefinition/PractitionerRoleLE"]
          },
          "active" : true,
          "practitioner" : {
            "reference" : "Practitioner/PractitionerProfesionalLERevisor"
          },
          "organization" : {
            "reference" : "Organization/OrganizationLERevisora2"
          },
          "code" : [{
            "coding" : [{
              "system" : "https://interoperabilidad.minsal.cl/fhir/ig/tei/CodeSystem/CSPractitionerTipoRolLE",
              "code" : "revisor",
              "display" : "Revisor"
            }]
          }]
        }
      },
      {
        "fullUrl" : "http://interoperabilidad.minsal.cl/fhir/ig/tei/Organization/OrganizationLERevisora2",
        "resource" : {
          "resourceType" : "Organization",
          "id" : "OrganizationLERevisora2",
          "meta" : {
            "profile" : ["https://interoperabilidad.minsal.cl/fhir/ig/tei/StructureDefinition/OrganizationLE"]
          },
          "identifier" : [{
            "system" : "https://interoperabilidad.minsal.cl/fhir/ig/tei/CodeSystem/CSEstablecimientoDestino",
            "value" : "121343"
          }],
          "name" : "Centro de Referencia de Salud Miraflores"
        }
      },
      {
        "fullUrl" : "http://interoperabilidad.minsal.cl/fhir/ig/tei/ServiceRequest/EjemploSolicitudExamen",
        "resource" : {
          "resourceType" : "ServiceRequest",
          "id" : "EjemploSolicitudExamen",
          "meta" : {
            "profile" : ["https://interoperabilidad.minsal.cl/fhir/ig/tei/StructureDefinition/ServiceRequestExamenLE"]
          },
          "basedOn" : [{
            "reference" : "ServiceRequest/EjemploSolicitudInterconsultaFinalizada"
          }],
          "status" : "draft",
          "intent" : "order",
          "code" : {
            "coding" : [{
              "system" : "http://loinc.org",
              "code" : "2857-1",
              "display" : "Prostate specific Ag [Mass/volume] in Serum or Plasma"
            }],
            "text" : "Antigeno Prostático Específico en Suero o Plasma"
          },
          "subject" : {
            "reference" : "Patient/EjemploPatientLE"
          },
          "occurrenceDateTime" : "2024-01-19T16:00:00-03:00",
          "authoredOn" : "2024-01-17T16:00:00-03:00",
          "requester" : {
            "reference" : "Practitioner/PractitionerProfesionalLEEjemplo1"
          },
          "reasonCode" : [{
            "coding" : [{
              "system" : "http://snomed.info/sct",
              "code" : "414205003"
            }],
            "text" : "antecedente familiar de neoplasia maligna de próstata"
          }],
          "note" : [{
            "text" : "paciente con APE elevado en 2022, se solicita examen vigente previo a atención con especialidad"
          }]
        }
      }]
    }
  }]
}