{
  "resourceType" : "Observation",
  "id" : "08af5b38-add5-4c44-b14d-7995012b63ee",
  "meta" : {
    "profile" : ["https://interoperabilidad.minsal.cl/fhir/ig/tei/StructureDefinition/ObservationIniciarCuidadorLE"]
  },
  "text" : {
    "status" : "generated",
    "div" : "<div xmlns=\"http://www.w3.org/1999/xhtml\"><p class=\"res-header-id\"><b>Generated Narrative: Observation 08af5b38-add5-4c44-b14d-7995012b63ee</b></p><a name=\"08af5b38-add5-4c44-b14d-7995012b63ee\"> </a><a name=\"hc08af5b38-add5-4c44-b14d-7995012b63ee\"> </a><div style=\"display: inline-block; background-color: #d9e0e7; padding: 6px; margin: 4px; border: 1px solid #8da1b4; border-radius: 5px; line-height: 60%\"><p style=\"margin-bottom: 0px\"/><p style=\"margin-bottom: 0px\">Profile: <a href=\"https://interoperabilidad.minsal.cl/fhir/ig/tei/0.2.1/StructureDefinition-ObservationIniciarCuidadorLE.html\">Cuidador LE</a></p></div><p><b>status</b>: Final</p><p><b>code</b>: <span title=\"Codes:{http://loinc.org 95385-1}\">Cuidador de una persona con dolencias relacionadas con la edad o enfermedades crónicas.</span></p><p><b>subject</b>: <a href=\"Bundle-BundleEnriquecidoEjemplo.html#Patient_EjemploPatientLE\">Bundle: type = message; timestamp = 2025-07-24 10:21:55-0400</a></p><p><b>value</b>: true</p></div>"
  },
  "status" : "final",
  "code" : {
    "coding" : [{
      "system" : "http://loinc.org",
      "code" : "95385-1",
      "display" : "Caregiver for person with age-related complaints, chronic diseases or frailty"
    }],
    "text" : "Cuidador de una persona con dolencias relacionadas con la edad o enfermedades crónicas."
  },
  "subject" : {
    "reference" : "Patient/EjemploPatientLE"
  },
  "valueBoolean" : true
}